android-1.6_r1,8f4b5a561813ee8c22d2b8e73c33299471d4a3f3,1251923986
android-1.6_r1.1,dde8b50b87fdb6849428fff7808e060489b31142,1255098820
android-1.6_r1.2,dde8b50b87fdb6849428fff7808e060489b31142,1255098820
android-1.6_r1.3,dde8b50b87fdb6849428fff7808e060489b31142,1255098820
android-1.6_r1.4,dde8b50b87fdb6849428fff7808e060489b31142,1255098820
android-2.0_r1,92d82787e911d24b8b0ee24bb87c2922a595d9c4,1255621161
android-1.6_r2,b6debd72fdf4a769d4749ef25ac8ece6a4e436dd,1257301253
android-2.0.1_r1,7dc48d34ae680e5304f11a8ff898598672162727,1259114380
android-1.6_r1.5,a16a12a27d1f25c3f3aa5f9a10fd202df785a82d,1259891147
android-2.1_r1,63ee17a933c637a74c59210f7e71fec9709a9d33,1261182351
android-2.1_r2,0cccec0a9bdc59700a4720daf5ac5f4c86b6ed14,1264642814
android-2.1_r2.1s,773f3ae2112c40801eeb94d4d824ffe2bdee2470,1266562658
android-2.1_r2.1p,562ac30bddb37b8bebeedfb035111dda41187332,1266971173
android-2.1_r2.1p2,562ac30bddb37b8bebeedfb035111dda41187332,1266971173
android-2.2_r1,71beeab14a891297b6658c4aeb47557083091aa1,1277420800
android-2.2_r1.1,34c0b2ee11c237be5244eecc34814862b3003822,1277929179
android-2.2_r1.2,00ccd5d026fcd0e4b9d27dc5a9ffa13ca0408449,1278027254
android-2.2_r1.3,f1f07993792dbf2d49613d474a696ec0927828d2,1279863458
android-2.2.1_r1,ec721fd1db4d895b342cfb83c651e0b78afac4dd,1284669412
android-2.2.1_r2,adba66b5d89fd8382c4f6b90d772942d86d5afbf,1289355968
android-2.2.2_r1,adba66b5d89fd8382c4f6b90d772942d86d5afbf,1289355968
android-2.2.3_r1,adba66b5d89fd8382c4f6b90d772942d86d5afbf,1289355968
android-2.2.3_r2,adba66b5d89fd8382c4f6b90d772942d86d5afbf,1289355968
android-2.2.3_r2.1,adba66b5d89fd8382c4f6b90d772942d86d5afbf,1289355968
android-2.3_r1,6471cd5f7d0125713081c9be4772922eedd2a904,1290140266
android-2.3.1_r1,6bcc7a7e5fc5a2340c4f060141bec9d181454807,1291790193
android-2.3.2_r1,6bcc7a7e5fc5a2340c4f060141bec9d181454807,1291790193
android-2.3.3_r1,b417337486667a47c6e0c8430d4095e182f4aaa0,1297303273
android-2.3.3_r1.1,da8aea7cd12ab3a03aca21c3c01bf27be87f783a,1298044496
android-2.3.4_r0.9,54d3e90592792fa951903a52b6c647f93b51b7c1,1301689697
android-2.3.4_r1,54d3e90592792fa951903a52b6c647f93b51b7c1,1301689697
android-2.3.5_r1,7336486ce145098b2584683bcd7c46dd78ed26a2,1308270588
android-cts-2.2_r8,4db1f432b853152075923499768639e14403b73a,1308275514
android-2.3.6_r0.9,365522a828f529593aa87e4d5a22f0cf2460c45a,1312326466
android-3.2.4_r1,7944ef8bc137b1b73b879ab6cb5fbff9db7a98d2,1315784793
android-2.3.7_r1,3f2821425f1ab6eddb76a8725e3f2c3edb5d8b07,1315872994
android-2.3.6_r1,724ffc36583ad81d33c5d4d2057ed12eece719ad,1315999738
android-cts-2.3_r10,d51ecafa6875e182346a825ce098e7c5e0b09038,1316187208
android-cts-2.3_r11,15db39303cb46ef65a483627284d02dde0aba2b9,1320966669
android-4.0.1_r1,fd1d05a01a704db47f6e60425c0ac3e1bd4cffbf,1321067302
android-4.0.1_r1.1,fd1d05a01a704db47f6e60425c0ac3e1bd4cffbf,1321067302
android-4.0.1_r1.2,fd1d05a01a704db47f6e60425c0ac3e1bd4cffbf,1321067302
android-cts-4.0_r1,fe464a76d8fc858be971dbb5e67b1d22fd925347,1321986501
android-cts-verifier-4.0_r1,fe464a76d8fc858be971dbb5e67b1d22fd925347,1321986501
android-4.0.2_r1,185d0e7f0a843b3fd0cd6696a01b19d21de85693,1323304934
android-sdk-4.0.3_r1,2e335cb02891d3653b938340a11698844e2c3d6d,1323829984
android-sdk-adt_r16.0.1,56a3e326192c7496b67666b29071dc9f38c59da9,1323903184
android-sdk-4.0.3-tools_r1,43834487a183b69783b0de270f9b761f3afffdc1,1323983472
android-4.0.3_r1,94180377e709ed0faff6ea94c75af0f0a1183b36,1324011146
android-4.0.3_r1.1,bf35112b2835201ab007b33c3a2cb3b9e6a6d166,1324065695
android-cts-4.0.3_r1,8f04ae361cd34fdaea41fbedefb85cff2c684e36,1324245641
android-cts-verifier-4.0.3_r1,c892e177c4f7a41e910c70f68d4e213589da1396,1324406468
android-cts-2.3_r12,66afbdef8e3f21fe783af83c4155352b137c98f3,1327348712
android-cts-4.0.3_r2,633de7bab9397c4f7591c5514d903305254451b2,1328136572
android-4.0.4_r1,44857eeb0ff0a3fb9ade3dbe8ff4425283d9ae09,1331951553
android-4.0.4_r1.1,df331873c8576e0ae34ae1ee3cc258beed373535,1332288922
android-4.0.4_r1.2,df331873c8576e0ae34ae1ee3cc258beed373535,1332288922
android-4.0.4_r2,df331873c8576e0ae34ae1ee3cc258beed373535,1332288922
android-4.0.4_r2.1,df331873c8576e0ae34ae1ee3cc258beed373535,1332288922
android-sdk-adt_r20,20d6caf8888d4114b6ce79d93c7c9cf903ad8c22,1340034798
android-4.1.1_r1,c292a619c71a2ee56e42ca5ef45fbc62e5c09f1e,1341345232
android-4.1.1_r1.1,c292a619c71a2ee56e42ca5ef45fbc62e5c09f1e,1341345232
android-4.1.1_r2,c292a619c71a2ee56e42ca5ef45fbc62e5c09f1e,1341345232
android-cts-4.1_r1,15796e52df1626ae27a6a88c6e905fd3b80868c9,1341369566
android-4.1.1_r3,f186b07b463447707117e2b54fc02f7ed30d6e43,1342214340
android-4.1.1_r4,4b9a8d75b8796ea07cadd61ceef135c173167c8e,1344018490
android-4.1.1_r5,f959d1084eae42af1403d9c3f423143869a2f6cb,1344283795
android-4.1.1_r6,b046b20f1a5406ddda60c548036ed9e887da49df,1345156157
android-4.1.1_r6.1,b046b20f1a5406ddda60c548036ed9e887da49df,1345156157
android-4.1.2_r1,4873a480f6df3f84bb3ca5c8647e9498aaf597a5,1348858838
android-4.1.2_r2,4873a480f6df3f84bb3ca5c8647e9498aaf597a5,1348858838
android-4.1.2_r2.1,4873a480f6df3f84bb3ca5c8647e9498aaf597a5,1348858838
android-sdk-support_r11,f69320a1f02de3106a26a3911c25be63fcfaf738,1352421416
android-4.2_r1,9a7debe5857ffc7c71cfc4082b1b6d72a5cf81cd,1352530297
android-4.2.1_r1,b361b3043bb351ab175ae1ff3dae4de9fe31d42b,1353369983
android-4.2.1_r1.1,b361b3043bb351ab175ae1ff3dae4de9fe31d42b,1353369983
android-4.2.1_r1.2,b361b3043bb351ab175ae1ff3dae4de9fe31d42b,1353369983
android-cts-4.2_r1,b361b3043bb351ab175ae1ff3dae4de9fe31d42b,1353369983
android-cts-4.1_r2,c84b3603fa27db68516187cea19de1e6a021152d,1355941899
android-cts-4.2_r2,f2d89ef9d57b096962b802608a88d3483a51d08a,1360350863
android-4.2.2_r1,763ef60466ac752a3031719fb86b08486c9946b1,1360360267
android-4.2.2_r1.1,763ef60466ac752a3031719fb86b08486c9946b1,1360360267
android-4.2.2_r1.2,763ef60466ac752a3031719fb86b08486c9946b1,1360360267
android-cts-4.1_r4,81c1d8d3a5aef6a423f0bb02de1b362b2f2d12df,1367876585
android-4.3_r0.9,b44d66fa8e24e896291f923af2fa30ad87087b45,1371104795
android-4.3_r0.9.1,0e57464d905037dfb269a221963d91f65b288288,1371324055
android-4.3_r2,1ff1cd1b9676d4f19ae90fddace31e05aaa121a3,1372110112
android-4.3_r1,2e55547acca4d5399cd1ff843ae6ec99c79d6782,1373412735
android-4.3_r2.1,a34a64d2b1df270331cfe9817f59e875b3298aca,1374171896
android-4.3_r1.1,fb381053d5547e4840a85f06b70781c7d35307ed,1376432517
android-4.3_r3,79c8965bb057899e6be014d7a31aaaced3fdb0f7,1376537157
android-4.3_r2.2,36ebb70df6f2e7c62adc9bd8372293a2194d6516,1376538525
android-4.3_r2.3,36ebb70df6f2e7c62adc9bd8372293a2194d6516,1376538525
android-4.3_r3.1,d3b20563684da1dfbdb51bbeb484f3de2a4b2f19,1378781069
android-4.4_r0.7,9431a88533b61532087c6c914db994eaa48ac3f7,1379618060
android-4.3.1_r1,0c82481e783a2fa7d97bbd6140be3f8c3642e4e0,1379959498
android-4.4_r0.8,c0f8f24019ea1d2bada4c3f89163068ebb37349b,1380170156
android-cts-4.4_r1,192a856df21429a1a152130394225118710d5125,1381972111
android-4.4_r0.9,cf1805f8547328dbbc1e879d25f45947227b33aa,1383015855
android-4.4_r1,1aed5ea2dcf7cb0bf35635f378b2326461ba0df0,1383088603
android-4.4_r1.0.1,1aed5ea2dcf7cb0bf35635f378b2326461ba0df0,1383088603
android-4.4_r1.1,5bcd758d6ba6a46bd35a04518f4ba0c3c7bb2242,1383688165
android-4.4_r1.1.0.1,5bcd758d6ba6a46bd35a04518f4ba0c3c7bb2242,1383688165
android-4.4_r1.2,c46c4a6765196bcabf3ea89771a1f9067b22baad,1384565278
android-4.4_r1.2.0.1,c46c4a6765196bcabf3ea89771a1f9067b22baad,1384565278
android-cts-4.4_r4,c46c4a6765196bcabf3ea89771a1f9067b22baad,1384565278
android-4.4.1_r1,feef9887e8f8eb6f64fc1b4552c02efb5755cdc1,1385094583
android-4.4.1_r1.0.1,feef9887e8f8eb6f64fc1b4552c02efb5755cdc1,1385094583
android-4.4.2_r1,feef9887e8f8eb6f64fc1b4552c02efb5755cdc1,1385094583
android-4.4.2_r1.0.1,feef9887e8f8eb6f64fc1b4552c02efb5755cdc1,1385094583
android-4.4.2_r2,feef9887e8f8eb6f64fc1b4552c02efb5755cdc1,1385094583
android-4.4.2_r2.0.1,feef9887e8f8eb6f64fc1b4552c02efb5755cdc1,1385094583
android-sdk-4.4.2_r1,6d25c934dcdf7a098d4e9f96cb206789dfd4afb7,1386185725
android-sdk-4.4.2_r1.0.1,6d25c934dcdf7a098d4e9f96cb206789dfd4afb7,1386185725
android-4.4.3_r1,76593e19f9aeff5242f006c105a7e77e2cee33fd,1398204267
android-4.4.3_r1.0.1,76593e19f9aeff5242f006c105a7e77e2cee33fd,1398204267
android-4.4.3_r1.1,76593e19f9aeff5242f006c105a7e77e2cee33fd,1398204267
android-4.4.3_r1.1.0.1,76593e19f9aeff5242f006c105a7e77e2cee33fd,1398204267
android-4.4.4_r1,63ade05d76785975fc3292ca030abbaa1dda8891,1403039999
android-4.4.4_r1.0.1,63ade05d76785975fc3292ca030abbaa1dda8891,1403039999
android-4.4.4_r2,63ade05d76785975fc3292ca030abbaa1dda8891,1403039999
android-4.4.4_r2.0.1,63ade05d76785975fc3292ca030abbaa1dda8891,1403039999
android-4.4w_r1,63ade05d76785975fc3292ca030abbaa1dda8891,1403039999
android-l-preview_r2,c7aa8fe62356fc09962941140c8bb7ed8bab2f8f,1413557297
android-5.0.0_r1,ba35a77c7c4494c9eb74e87d8eaa9a7205c426d2,1414466997
android-5.0.0_r2,ba35a77c7c4494c9eb74e87d8eaa9a7205c426d2,1414466997
android-5.0.0_r3,38c2eaeefd3b6643e2fcdc4830739d7b80c6a207,1415317740
android-5.0.0_r4,a14d782502116d60474a80fe7a914a7c4dba4af9,1415325110
android-5.0.0_r5,c482a9d86ea22c002fff1b5435a61ccba2149008,1415396298
android-5.0.0_r5.1,c482a9d86ea22c002fff1b5435a61ccba2149008,1415396298
android-5.0.0_r6,c482a9d86ea22c002fff1b5435a61ccba2149008,1415396298
android-5.0.0_r7,32a22c44b8351c1cccd3a1f9c47a33469d9378e0,1415831190
android-5.0.1_r1,93edcc139722cc6c3f8dc3368846ae364d8ae82d,1416526364
android-wear-5.0.0_r1,314621287801ba4c71467aad4702114eeb4d9951,1418289306
android-5.0.2_r1,0ac9664a9ee2e6d1d3b68fe00c264ad94fe98966,1418764349
android-5.1.0_r1,d0f748a7d095fc23bde005b68277dd931349e2f8,1424321838
android-5.1.1_r7,a85714e361340208bd433925929f5d131e087e6e,1425420905
android-5.1.0_r3,0590e4e5f1b3b2680cab6763212008ce4318e603,1425441856
android-5.1.0_r4,92e7efc3fa20b2fa6f76fc52c596eb0a89365b46,1425511122
android-5.1.0_r5,67676f887181cc329f1f1c828290e686d6ea6d5a,1426127738
android-5.0.2_r3,e0dd9516b516bc9042ad5d6f4b7fef053ce07d0e,1427467066
android-cts-5.0_r3,e0dd9516b516bc9042ad5d6f4b7fef053ce07d0e,1427467066
android-cts-5.0_r4,e0dd9516b516bc9042ad5d6f4b7fef053ce07d0e,1427467066
android-cts-5.0_r5,e0dd9516b516bc9042ad5d6f4b7fef053ce07d0e,1427467066
android-cts-5.0_r6,e0dd9516b516bc9042ad5d6f4b7fef053ce07d0e,1427467066
android-cts-5.0_r7,e0dd9516b516bc9042ad5d6f4b7fef053ce07d0e,1427467066
android-cts-5.0_r8,e0dd9516b516bc9042ad5d6f4b7fef053ce07d0e,1427467066
android-cts-5.0_r9,e0dd9516b516bc9042ad5d6f4b7fef053ce07d0e,1427467066
android-5.1.1_r1,51c23674ab6340d7a2f2be6b3ff515e7033e118a,1428371476
android-5.1.1_r2,51c23674ab6340d7a2f2be6b3ff515e7033e118a,1428371476
android-5.1.1_r3,51c23674ab6340d7a2f2be6b3ff515e7033e118a,1428371476
android-5.1.1_r4,51c23674ab6340d7a2f2be6b3ff515e7033e118a,1428371476
android-cts-5.1_r1,51c23674ab6340d7a2f2be6b3ff515e7033e118a,1428371476
android-wear-5.1.0_r1,40c4021a70c56bcc4d6f6569d795dff52ab4e369,1428446479
android-wear-5.1.1_r1,40c4021a70c56bcc4d6f6569d795dff52ab4e369,1428446479
android-5.1.1_r8,69f29104024e5b2a56ede65cdc6a3c8590b3150a,1429546843
android-5.1.1_r5,422f4ed3d2f4043f5269b67d9639b4deb405598e,1431125456
android-m-preview,3f453164ec884d26a556477027b430cb22a9b7e3,1432287046
android-5.1.1_r6,0e40462e11d27eb859b829b112cecb8c6f0d7afb,1432834037
android-cts-5.1_r2,0e40462e11d27eb859b829b112cecb8c6f0d7afb,1432834037
android-m-preview-1,50d11ded0d219ea9b128557080e4ffd49ebea5ab,1436285508
android-5.1.1_r10,a5e904e7eb3aaec532de83ca52e24af18e0496b4,1436475900
android-5.1.1_r9,a5e904e7eb3aaec532de83ca52e24af18e0496b4,1436475900
android-5.1.1_r13,a0e574d7766ccfa374f337fea85dd616d4046674,1438025399
android-5.1.1_r12,7f94696ba0872b7aa2283bf53a8bdf141c244209,1438112224
android-m-preview-2,10e0f07975e6e446763b733bb438df5715c3693d,1439423188
android-5.1.1_r14,8fba7e6931245a17215e0e740e78b45f6b66d590,1439520104
android-5.1.1_r15,8fba7e6931245a17215e0e740e78b45f6b66d590,1439520104
android-5.1.1_r16,8fba7e6931245a17215e0e740e78b45f6b66d590,1439520104
android-5.1.1_r18,d4c926a4b8dc5840f389552f1f77aefec940d52f,1439579026
android-5.1.1_r17,7bb5a0433884a78174e6554029f883a4159a199c,1439580331
android-5.1.1_r19,f4736a7ead342f7b456c0e0e7efd9d2a2ffe50cf,1441142462
android-5.1.1_r20,f4736a7ead342f7b456c0e0e7efd9d2a2ffe50cf,1441142462
android-5.1.1_r23,7927a55aab995e66711c79d40de56bd69a6a641e,1441162267
android-5.1.1_r22,beb965ce3486fba8e70491fcc5cdba703befd3d7,1441243885
android-6.0.0_r1,c02a10d8b626469ea64babebfd88fb96ea9ececf,1442351047
android-6.0.0_r2,c02a10d8b626469ea64babebfd88fb96ea9ececf,1442351047
android-6.0.0_r3,c02a10d8b626469ea64babebfd88fb96ea9ececf,1442351047
android-6.0.0_r4,c02a10d8b626469ea64babebfd88fb96ea9ececf,1442351047
android-6.0.0_r5,c02a10d8b626469ea64babebfd88fb96ea9ececf,1442351047
android-6.0.0_r6,c02a10d8b626469ea64babebfd88fb96ea9ececf,1442351047
android-cts-6.0_r1,c02a10d8b626469ea64babebfd88fb96ea9ececf,1442351047
android-cts-6.0_r2,c02a10d8b626469ea64babebfd88fb96ea9ececf,1442351047
android-5.1.1_r24,92451b8b8183a42e5a160281bfd052047a130102,1442428659
android-cts-5.1_r3,92451b8b8183a42e5a160281bfd052047a130102,1442428659
android-6.0.0_r11,4709ef0e003ae6a0949b839f0e74e40b32b15475,1443481466
android-6.0.0_r12,4709ef0e003ae6a0949b839f0e74e40b32b15475,1443481466
android-6.0.0_r13,4709ef0e003ae6a0949b839f0e74e40b32b15475,1443481466
android-5.1.1_r25,a6b483722df09654cee1dc1de80a441b739c32aa,1443483016
android-6.0.0_r23,25b5096f154721c8142d54f1b3af9e2998deffe9,1444291365
android-6.0.0_r24,25b5096f154721c8142d54f1b3af9e2998deffe9,1444291365
android-6.0.0_r25,25b5096f154721c8142d54f1b3af9e2998deffe9,1444291365
android-6.0.0_r26,25b5096f154721c8142d54f1b3af9e2998deffe9,1444291365
android-5.1.1_r28,bb21dc3bca7d24953baa8a9b296c5175a945a19f,1445452891
android-5.1.1_r29,5dbe8d9171bae762f98f16172938289d7e295d00,1445454089
android-5.1.1_r26,3169f4cd87c5558c3ea60b0ef78f5f4e03ca94a2,1445538476
android-cts-5.1_r4,3169f4cd87c5558c3ea60b0ef78f5f4e03ca94a2,1445538476
android-cts-5.1_r5,3169f4cd87c5558c3ea60b0ef78f5f4e03ca94a2,1445538476
android-5.1.1_r30,ae98d39253ba54ddf6091ec8c3120076a6807899,1445967515
afw-test-harness-1.5,bde42b56b84fb2f184f83f2a00fb00a1bd4db22e,1445984550
android-6.0.0_r7,bde42b56b84fb2f184f83f2a00fb00a1bd4db22e,1445984550
android-cts-6.0_r12,bde42b56b84fb2f184f83f2a00fb00a1bd4db22e,1445984550
android-cts-6.0_r13,bde42b56b84fb2f184f83f2a00fb00a1bd4db22e,1445984550
android-cts-6.0_r14,bde42b56b84fb2f184f83f2a00fb00a1bd4db22e,1445984550
android-cts-6.0_r15,bde42b56b84fb2f184f83f2a00fb00a1bd4db22e,1445984550
android-cts-6.0_r16,bde42b56b84fb2f184f83f2a00fb00a1bd4db22e,1445984550
android-cts-6.0_r17,bde42b56b84fb2f184f83f2a00fb00a1bd4db22e,1445984550
android-cts-6.0_r18,bde42b56b84fb2f184f83f2a00fb00a1bd4db22e,1445984550
android-cts-6.0_r19,bde42b56b84fb2f184f83f2a00fb00a1bd4db22e,1445984550
android-cts-6.0_r20,bde42b56b84fb2f184f83f2a00fb00a1bd4db22e,1445984550
android-cts-6.0_r21,bde42b56b84fb2f184f83f2a00fb00a1bd4db22e,1445984550
android-cts-6.0_r22,bde42b56b84fb2f184f83f2a00fb00a1bd4db22e,1445984550
android-cts-6.0_r23,bde42b56b84fb2f184f83f2a00fb00a1bd4db22e,1445984550
android-cts-6.0_r24,bde42b56b84fb2f184f83f2a00fb00a1bd4db22e,1445984550
android-cts-6.0_r25,bde42b56b84fb2f184f83f2a00fb00a1bd4db22e,1445984550
android-cts-6.0_r26,bde42b56b84fb2f184f83f2a00fb00a1bd4db22e,1445984550
android-cts-6.0_r27,bde42b56b84fb2f184f83f2a00fb00a1bd4db22e,1445984550
android-cts-6.0_r28,bde42b56b84fb2f184f83f2a00fb00a1bd4db22e,1445984550
android-cts-6.0_r29,bde42b56b84fb2f184f83f2a00fb00a1bd4db22e,1445984550
android-cts-6.0_r3,bde42b56b84fb2f184f83f2a00fb00a1bd4db22e,1445984550
android-cts-6.0_r30,bde42b56b84fb2f184f83f2a00fb00a1bd4db22e,1445984550
android-cts-6.0_r31,bde42b56b84fb2f184f83f2a00fb00a1bd4db22e,1445984550
android-cts-6.0_r32,bde42b56b84fb2f184f83f2a00fb00a1bd4db22e,1445984550
android-cts-6.0_r4,bde42b56b84fb2f184f83f2a00fb00a1bd4db22e,1445984550
android-cts-6.0_r5,bde42b56b84fb2f184f83f2a00fb00a1bd4db22e,1445984550
android-cts-6.0_r6,bde42b56b84fb2f184f83f2a00fb00a1bd4db22e,1445984550
android-cts-6.0_r7,bde42b56b84fb2f184f83f2a00fb00a1bd4db22e,1445984550
android-cts-6.0_r8,bde42b56b84fb2f184f83f2a00fb00a1bd4db22e,1445984550
android-cts-6.0_r9,bde42b56b84fb2f184f83f2a00fb00a1bd4db22e,1445984550
android-6.0.0_r41,4d70bd7a928903b35c92619437c70bc382587b71,1447279092
android-6.0.1_r1,4d70bd7a928903b35c92619437c70bc382587b71,1447279092
android-6.0.1_r3,4d70bd7a928903b35c92619437c70bc382587b71,1447279092
android-6.0.1_r4,53e111306817c2cd77a41ad4e72cf8c7abc93ffc,1448065720
android-6.0.1_r5,53e111306817c2cd77a41ad4e72cf8c7abc93ffc,1448065720
android-6.0.1_r7,463c543b770e47fd46e08178322866a5580ec297,1449020495
android-6.0.1_r8,463c543b770e47fd46e08178322866a5580ec297,1449020495
android-6.0.1_r11,56bed21ec2d2fe10e0c1fc672582f14003148f8d,1449792714
android-6.0.1_r12,56bed21ec2d2fe10e0c1fc672582f14003148f8d,1449792714
android-6.0.1_r10,48b716a9b40f9b108704a46c8c4e3e303531e33b,1450212899
android-6.0.1_r9,48b716a9b40f9b108704a46c8c4e3e303531e33b,1450212899
android-5.1.1_r33,6dfb5c780482f141815222ec47bf0f187c29e579,1450383177
android-6.0.1_r13,6a278db4c4a144829353e81420f28dcf2105f767,1450386517
android-5.1.1_r34,c2640ef66fe5cc87ef3978592e68ed078a08f6e2,1450398918
android-5.1.1_r35,c2640ef66fe5cc87ef3978592e68ed078a08f6e2,1450398918
android-5.1.1_r36,c2640ef66fe5cc87ef3978592e68ed078a08f6e2,1450398918
android-cts-5.1_r6,c2640ef66fe5cc87ef3978592e68ed078a08f6e2,1450398918
android-6.0.1_r16,28c94330a909a10a5ab452538c2c97e247c48a13,1452894168
android-6.0.1_r17,6a431eed218a65ead4e8e900368676dd9395b936,1453498634
android-6.0.1_r18,9e18175ee2cd98914b8b29355169603b133e969e,1453744931
android-6.0.1_r21,e342181a4a8d8177b3b87ffe141777565fe98f15,1454472217
android-6.0.1_r22,e342181a4a8d8177b3b87ffe141777565fe98f15,1454472217
android-5.1.1_r37,d3383d5bfab296ba3adbc121ff8a7b542bde4afb,1456526036
android-cts-5.1_r10,d3383d5bfab296ba3adbc121ff8a7b542bde4afb,1456526036
android-cts-5.1_r7,d3383d5bfab296ba3adbc121ff8a7b542bde4afb,1456526036
android-cts-5.1_r8,d3383d5bfab296ba3adbc121ff8a7b542bde4afb,1456526036
android-cts-5.1_r9,d3383d5bfab296ba3adbc121ff8a7b542bde4afb,1456526036
android-6.0.1_r20,c5a0fcae4d5f81f355cef68b28a3a68d17cd9a11,1456532386
android-6.0.1_r30,3cd1905d857913241198f65066e1aa78516192ea,1456534572
android-6.0.1_r31,da11883761548f487c4fe6f7ad4c837831b493c6,1456867155
android-n-preview-1,709bf582cf949680da976e3f6cd5bf03396b1db1,1457096325
android-6.0.1_r24,81f9fe982dcf322532318a6abfd55434add37b3a,1458686868
android-6.0.1_r26,76f8e7466a29a0aeef7769a1efb7ad1c51b8336f,1458948318
android-6.0.1_r27,76f8e7466a29a0aeef7769a1efb7ad1c51b8336f,1458948318
android-6.0.1_r40,12332e05f632794e18ea8c4ac52c98e82532e5db,1458953271
android-6.0.1_r41,12332e05f632794e18ea8c4ac52c98e82532e5db,1458953271
android-6.0.1_r42,12332e05f632794e18ea8c4ac52c98e82532e5db,1458953271
android-6.0.1_r43,12332e05f632794e18ea8c4ac52c98e82532e5db,1458953271
android-6.0.1_r25,d886fca0ef0e4b486598f27d6a116e6412a6cddb,1458961163
android-6.0.1_r32,df888c9ab7655e09db926d5cde571222c7c9d0ac,1459446476
android-n-preview-2,937abc9dba5b4a1f74739d1b9b0701450364c92b,1460049838
android-6.0.1_r45,3df0241cc1b7b97c75be26ac5d30f20f9d7cf98e,1461297627
android-6.0.1_r46,9878bb99b77c3681f0fda116e2964bac26f349c3,1463086451
android-6.0.1_r28,d0a8a19ce77ce9eff5493168e1a258316131e56f,1463089127
android-6.0.1_r33,95e5c0e571c7169058b844b3dbe1edb892978d5a,1463089845
android-n-preview-3,3b2f202599bca3da369667bf69ab39df9d8d894d,1463161601
android-wear-n-preview-1,3b2f202599bca3da369667bf69ab39df9d8d894d,1463161601
android-5.1.1_r38,6e9224c3ef7a2b0064b80e9a597ae9316f80d004,1464301184
android-cts-5.1_r13,6e9224c3ef7a2b0064b80e9a597ae9316f80d004,1464301184
android-cts-5.1_r14,6e9224c3ef7a2b0064b80e9a597ae9316f80d004,1464301184
android-cts-5.1_r15,6e9224c3ef7a2b0064b80e9a597ae9316f80d004,1464301184
android-cts-5.1_r16,6e9224c3ef7a2b0064b80e9a597ae9316f80d004,1464301184
android-cts-5.1_r17,6e9224c3ef7a2b0064b80e9a597ae9316f80d004,1464301184
android-cts-5.1_r18,6e9224c3ef7a2b0064b80e9a597ae9316f80d004,1464301184
android-cts-5.1_r19,6e9224c3ef7a2b0064b80e9a597ae9316f80d004,1464301184
android-cts-5.1_r20,6e9224c3ef7a2b0064b80e9a597ae9316f80d004,1464301184
android-cts-5.1_r21,6e9224c3ef7a2b0064b80e9a597ae9316f80d004,1464301184
android-cts-5.1_r22,6e9224c3ef7a2b0064b80e9a597ae9316f80d004,1464301184
android-cts-5.1_r23,6e9224c3ef7a2b0064b80e9a597ae9316f80d004,1464301184
android-cts-5.1_r24,6e9224c3ef7a2b0064b80e9a597ae9316f80d004,1464301184
android-cts-5.1_r25,6e9224c3ef7a2b0064b80e9a597ae9316f80d004,1464301184
android-cts-5.1_r26,6e9224c3ef7a2b0064b80e9a597ae9316f80d004,1464301184
android-cts-5.1_r27,6e9224c3ef7a2b0064b80e9a597ae9316f80d004,1464301184
android-cts-5.1_r28,6e9224c3ef7a2b0064b80e9a597ae9316f80d004,1464301184
android-6.0.1_r47,529dcaf7a629127b2da8c810b766dddd57e7db72,1464370156
android-6.0.1_r48,529dcaf7a629127b2da8c810b766dddd57e7db72,1464370156
android-6.0.1_r53,e16706faff0267907789f7dc588974b10439337c,1464372566
android-6.0.1_r54,e16706faff0267907789f7dc588974b10439337c,1464372566
android-6.0.1_r49,9b8c6d2df35455ce9e67907edded1e4a2ecb9e28,1464373878
android-6.0.1_r50,9b8c6d2df35455ce9e67907edded1e4a2ecb9e28,1464373878
android-6.0.1_r51,9b8c6d2df35455ce9e67907edded1e4a2ecb9e28,1464373878
android-6.0.1_r52,9b8c6d2df35455ce9e67907edded1e4a2ecb9e28,1464373878
android-6.0.1_r55,b2d025d06bad1db17300ff1be809ac635dd7e147,1464822614
android-n-preview-4,4467c845c09ebab4e1e503709fca8ccb55e35007,1465506629
android-6.0.1_r58,4e4743a354e26467318b437892a9980eb9b8328a,1466812387
android-6.0.1_r59,4e4743a354e26467318b437892a9980eb9b8328a,1466812387
android-6.0.1_r60,4e4743a354e26467318b437892a9980eb9b8328a,1466812387
android-6.0.1_r61,4e4743a354e26467318b437892a9980eb9b8328a,1466812387
android-6.0.1_r56,eae49fb3bce6446e36a252de2ccc1671bb824f36,1466824093
android-6.0.1_r57,eae49fb3bce6446e36a252de2ccc1671bb824f36,1466824093
android-6.0.1_r62,6f5828f0660586040e6e5198d4d57276af80245d,1466825408
android-n-iot-preview-2,8ee58b3b4eb09d5208a2c4c2b60be7d0ac99b3b8,1468439452
android-n-preview-5,8ee58b3b4eb09d5208a2c4c2b60be7d0ac99b3b8,1468439452
android-wear-7.1.1_r1,8ee58b3b4eb09d5208a2c4c2b60be7d0ac99b3b8,1468439452
android-wear-n-preview-2,8ee58b3b4eb09d5208a2c4c2b60be7d0ac99b3b8,1468439452
afw-test-harness-2.1,0813c5aaa9ee870a4bac375e462c296aa28ef6a6,1468467043
android-7.0.0_r1,0813c5aaa9ee870a4bac375e462c296aa28ef6a6,1468467043
android-cts-7.0_r1,0813c5aaa9ee870a4bac375e462c296aa28ef6a6,1468467043
android-cts-7.0_r2,0813c5aaa9ee870a4bac375e462c296aa28ef6a6,1468467043
android-6.0.1_r63,f58f43e99e9a8fd423e04866f816689c9345efd2,1469139102
android-6.0.1_r66,90ea10c4d3e4aceba98276f5f16389aa6f99584a,1470086725
android-6.0.1_r65,d7376d7b0e5ac6504938039c96d168bc75c024b6,1470087237
android-6.0.1_r67,6d85c4cb539a0ecd0ef26d21f47c8acff70816b5,1470087258
android-7.0.0_r3,c372cb67ade0e6b73f00d78abafe6c800f5a9bf2,1470104009
android-7.0.0_r4,c372cb67ade0e6b73f00d78abafe6c800f5a9bf2,1470104009
android-7.0.0_r5,c372cb67ade0e6b73f00d78abafe6c800f5a9bf2,1470104009
android-7.0.0_r6,c372cb67ade0e6b73f00d78abafe6c800f5a9bf2,1470104009
android-6.0.1_r70,f1e317003659e9097f760a4b680dd595abed2e3e,1472187383
android-7.0.0_r7,218b813d5bc2d7d3952ea1861c38b4aa944ac59b,1472233255
android-cts-7.0_r3,218b813d5bc2d7d3952ea1861c38b4aa944ac59b,1472233255
android-6.0.1_r72,2dde02ed263192cc71f7f11f120b4bf03432f508,1472253715
android-6.0.1_r69,11e1dc330dcce537314f8bd64e341ab110a81790,1472254581
android-6.0.1_r68,b8c722be74acca446c192cca48c18433079a6031,1472498759
android-7.0.0_r12,b439040bfffe2e630cd5d003c7f99f7e74558d37,1472707277
android-7.0.0_r13,b439040bfffe2e630cd5d003c7f99f7e74558d37,1472707277
android-7.1.0_r1,0ac6a8c648fb4ff5060c438f4f437aa9d3db49a0,1472767192
android-7.0.0_r14,81a0e13ebf59f044a26e57aeac190cab82b068c4,1473714747
android-7.1.0_r2,50bf32c80a2f386d5f27e99fae96d9c49830f457,1473900056
android-7.1.0_r3,ef2342c735f69ca4a87a6eec6ebd073f876a127c,1474512108
android-7.0.0_r15,3de09838fb0996bb4b420630800ad34e828fd1b6,1474960666
android-6.0.1_r74,ef525e8d721a69310044eca14993df8b13ac1b14,1475018998
android-6.0.1_r73,67f557765abcf73b2b541681cc6fb03e4e3b10f1,1475025829
android-7.0.0_r17,073a72fafe178b4a67a2231d649bb46dd2063063,1475270729
android-7.0.0_r21,073a72fafe178b4a67a2231d649bb46dd2063063,1475270729
android-7.1.0_r4,0a857ee2caae15f2cfd7afc2986741146821ed10,1475617123
android-n-mr1-preview-1,6f3a05ae772872f24609d2db484acb83fed312f2,1476319704
android-n-mr1-preview-2,6f3a05ae772872f24609d2db484acb83fed312f2,1476319704
android-7.1.0_r5,9a618958f068d3f1bda9fe5cc4ca564c15d515e0,1476326535
android-7.1.0_r6,9a618958f068d3f1bda9fe5cc4ca564c15d515e0,1476326535
android-7.1.0_r7,9a618958f068d3f1bda9fe5cc4ca564c15d515e0,1476326535
android-7.0.0_r19,8f975857a5867afc25047da51387a14a3c41802a,1477416338
android-7.0.0_r24,a7179cdac15c1cd67652f5c32bb6be055ec4f78c,1477607229
android-7.1.1_r1,b5375056fea6c40a2469f48e2497948fb5927b9b,1478023246
android-7.1.1_r2,b5375056fea6c40a2469f48e2497948fb5927b9b,1478023246
android-6.0.1_r77,4d1f4f1a776d24eb2727d1fef292b04a7491736c,1478200736
android-7.1.1_r3,aca11d8bea9c9c00482f72957b5e025dd91243dd,1479174370
gradle_2.3.0,2d657bc344717281e470430b05adaa32fbd0af00,1479741034
gradle_3.1.2,2d657bc344717281e470430b05adaa32fbd0af00,1479741034
studio-2.3,2d657bc344717281e470430b05adaa32fbd0af00,1479741034
studio-3.1.2,2d657bc344717281e470430b05adaa32fbd0af00,1479741034
android-7.1.1_r4,3570784fa5e7975a1bd8e01883b58676546b8d90,1479838608
android-7.1.1_r10,badbe4edf8a7ed0140a9b1f99600e222057b6955,1480531756
android-7.1.1_r11,badbe4edf8a7ed0140a9b1f99600e222057b6955,1480531756
android-7.1.1_r12,badbe4edf8a7ed0140a9b1f99600e222057b6955,1480531756
android-7.0.0_r27,5034a1987827ce5b5a6573b96387e3095b3299a3,1480537555
android-7.1.1_r6,b88e9f2e121a46dbb85b9aeeb221971f56632cd6,1480629266
android-cts-7.1_r1,b88e9f2e121a46dbb85b9aeeb221971f56632cd6,1480629266
android-7.1.1_r7,a014b6be3c7c6fb5cf9352a05baf84fca7a133c7,1480632409
android-7.1.1_r8,a014b6be3c7c6fb5cf9352a05baf84fca7a133c7,1480632409
android-7.1.1_r9,a014b6be3c7c6fb5cf9352a05baf84fca7a133c7,1480632409
android-cts-7.1_r2,a014b6be3c7c6fb5cf9352a05baf84fca7a133c7,1480632409
android-cts-7.0_r10,406bab3d0c99fa2993c22750fb9c17dad6d093aa,1480730791
android-cts-7.0_r11,406bab3d0c99fa2993c22750fb9c17dad6d093aa,1480730791
android-cts-7.0_r12,406bab3d0c99fa2993c22750fb9c17dad6d093aa,1480730791
android-cts-7.0_r13,406bab3d0c99fa2993c22750fb9c17dad6d093aa,1480730791
android-cts-7.0_r14,406bab3d0c99fa2993c22750fb9c17dad6d093aa,1480730791
android-cts-7.0_r15,406bab3d0c99fa2993c22750fb9c17dad6d093aa,1480730791
android-cts-7.0_r16,406bab3d0c99fa2993c22750fb9c17dad6d093aa,1480730791
android-cts-7.0_r17,406bab3d0c99fa2993c22750fb9c17dad6d093aa,1480730791
android-cts-7.0_r18,406bab3d0c99fa2993c22750fb9c17dad6d093aa,1480730791
android-cts-7.0_r19,406bab3d0c99fa2993c22750fb9c17dad6d093aa,1480730791
android-cts-7.0_r20,406bab3d0c99fa2993c22750fb9c17dad6d093aa,1480730791
android-cts-7.0_r21,406bab3d0c99fa2993c22750fb9c17dad6d093aa,1480730791
android-cts-7.0_r22,406bab3d0c99fa2993c22750fb9c17dad6d093aa,1480730791
android-cts-7.0_r23,406bab3d0c99fa2993c22750fb9c17dad6d093aa,1480730791
android-cts-7.0_r24,406bab3d0c99fa2993c22750fb9c17dad6d093aa,1480730791
android-cts-7.0_r25,406bab3d0c99fa2993c22750fb9c17dad6d093aa,1480730791
android-cts-7.0_r26,406bab3d0c99fa2993c22750fb9c17dad6d093aa,1480730791
android-cts-7.0_r27,406bab3d0c99fa2993c22750fb9c17dad6d093aa,1480730791
android-cts-7.0_r28,406bab3d0c99fa2993c22750fb9c17dad6d093aa,1480730791
android-cts-7.0_r29,406bab3d0c99fa2993c22750fb9c17dad6d093aa,1480730791
android-cts-7.0_r30,406bab3d0c99fa2993c22750fb9c17dad6d093aa,1480730791
android-cts-7.0_r31,406bab3d0c99fa2993c22750fb9c17dad6d093aa,1480730791
android-cts-7.0_r32,406bab3d0c99fa2993c22750fb9c17dad6d093aa,1480730791
android-cts-7.0_r33,406bab3d0c99fa2993c22750fb9c17dad6d093aa,1480730791
android-cts-7.0_r4,406bab3d0c99fa2993c22750fb9c17dad6d093aa,1480730791
android-cts-7.0_r5,406bab3d0c99fa2993c22750fb9c17dad6d093aa,1480730791
android-cts-7.0_r6,406bab3d0c99fa2993c22750fb9c17dad6d093aa,1480730791
android-cts-7.0_r7,406bab3d0c99fa2993c22750fb9c17dad6d093aa,1480730791
android-cts-7.0_r8,406bab3d0c99fa2993c22750fb9c17dad6d093aa,1480730791
android-cts-7.0_r9,406bab3d0c99fa2993c22750fb9c17dad6d093aa,1480730791
android-6.0.1_r78,db66afe61e52f81f185593a2b6dd63c436ce9014,1481070808
android-7.0.0_r28,aeef5df816e806bfa82d87d52fc9fdaa4ff01714,1481841158
android-7.0.0_r29,a56bce19e7d99d6f582294cbfe245b03943e178a,1481848350
android-7.1.1_r14,b1e09bbcb2b7a9a189ebda3e7a6d28def682a880,1481912879
android-7.1.1_r15,b1e09bbcb2b7a9a189ebda3e7a6d28def682a880,1481912879
android-7.1.1_r22,31a06019d13d7b00ca35fc8512191c643acb8e84,1482187274
android-cts-7.1_r3,31a06019d13d7b00ca35fc8512191c643acb8e84,1482187274
android-7.1.1_r16,4f176d9ff4e13f0c51258065f3e6c264f43cb063,1482193063
android-7.1.1_r13,faf904b9f9789d6e921ab0bf0fb788594f97ef3b,1483489087
android-7.1.1_r17,593144fa0129f09dc1992ea01b57fdb39fbbdf3f,1483555030
android-n-mr2-preview-1,082b1186415e0d2b6d9109938b5494b4d69aba99,1484262420
android-7.1.1_r20,c639cb67b4310b80aeddb4184dc191a24b23e9ca,1484276670
android-7.1.1_r21,c639cb67b4310b80aeddb4184dc191a24b23e9ca,1484276670
android-7.1.1_r28,7261a926a5b6b08a35d937bb922651a5d7f7e725,1484873474
android-7.1.1_r25,6bc7cf9d8e3a688945fbf9bbe18f774b576d25f3,1484937989
android-7.1.1_r26,6bc7cf9d8e3a688945fbf9bbe18f774b576d25f3,1484937989
android-7.1.1_r24,0aa690c5a3abf70b8e8853475b0f3cda9f4d98bb,1484953873
android-7.1.1_r27,8ca969a7e936a90c707cd9dce0af53fcb5566574,1485200331
android-7.1.1_r23,58552f814a03d978b4a6507f3c16f71964f9b28f,1485200698
android-cts-7.1_r10,58552f814a03d978b4a6507f3c16f71964f9b28f,1485200698
android-cts-7.1_r11,58552f814a03d978b4a6507f3c16f71964f9b28f,1485200698
android-cts-7.1_r12,58552f814a03d978b4a6507f3c16f71964f9b28f,1485200698
android-cts-7.1_r13,58552f814a03d978b4a6507f3c16f71964f9b28f,1485200698
android-cts-7.1_r14,58552f814a03d978b4a6507f3c16f71964f9b28f,1485200698
android-cts-7.1_r15,58552f814a03d978b4a6507f3c16f71964f9b28f,1485200698
android-cts-7.1_r16,58552f814a03d978b4a6507f3c16f71964f9b28f,1485200698
android-cts-7.1_r17,58552f814a03d978b4a6507f3c16f71964f9b28f,1485200698
android-cts-7.1_r18,58552f814a03d978b4a6507f3c16f71964f9b28f,1485200698
android-cts-7.1_r19,58552f814a03d978b4a6507f3c16f71964f9b28f,1485200698
android-cts-7.1_r20,58552f814a03d978b4a6507f3c16f71964f9b28f,1485200698
android-cts-7.1_r21,58552f814a03d978b4a6507f3c16f71964f9b28f,1485200698
android-cts-7.1_r22,58552f814a03d978b4a6507f3c16f71964f9b28f,1485200698
android-cts-7.1_r23,58552f814a03d978b4a6507f3c16f71964f9b28f,1485200698
android-cts-7.1_r24,58552f814a03d978b4a6507f3c16f71964f9b28f,1485200698
android-cts-7.1_r25,58552f814a03d978b4a6507f3c16f71964f9b28f,1485200698
android-cts-7.1_r26,58552f814a03d978b4a6507f3c16f71964f9b28f,1485200698
android-cts-7.1_r27,58552f814a03d978b4a6507f3c16f71964f9b28f,1485200698
android-cts-7.1_r28,58552f814a03d978b4a6507f3c16f71964f9b28f,1485200698
android-cts-7.1_r29,58552f814a03d978b4a6507f3c16f71964f9b28f,1485200698
android-cts-7.1_r4,58552f814a03d978b4a6507f3c16f71964f9b28f,1485200698
android-cts-7.1_r5,58552f814a03d978b4a6507f3c16f71964f9b28f,1485200698
android-cts-7.1_r6,58552f814a03d978b4a6507f3c16f71964f9b28f,1485200698
android-cts-7.1_r7,58552f814a03d978b4a6507f3c16f71964f9b28f,1485200698
android-cts-7.1_r8,58552f814a03d978b4a6507f3c16f71964f9b28f,1485200698
android-cts-7.1_r9,58552f814a03d978b4a6507f3c16f71964f9b28f,1485200698
android-7.0.0_r30,60e35da415cbba79fee4aad92f4f94b73fd5186b,1485304717
android-6.0.1_r79,12033ddaf11ae11d0212eabcf82639bd73410e47,1485304875
android-7.0.0_r31,e90836a3dd3c8595b478e1ea1da759bb2f341465,1485908639
android-7.0.0_r32,e063afae2d782288d96728f3afef11f673878f20,1487722949
android-7.0.0_r33,640ff933943c7bdf6dba53e78c7074c688268de7,1487726359
android-7.1.1_r35,a09bac1825c650ee999c69df9ab00f0478834bbe,1487799943
android-7.1.1_r31,af8fde449ee44b093dc004e05ac6bb4672919f21,1487805036
android-7.1.1_r32,af8fde449ee44b093dc004e05ac6bb4672919f21,1487805036
android-7.1.1_r33,af8fde449ee44b093dc004e05ac6bb4672919f21,1487805036
android-7.1.2_r1,6422e8fb4429936477f2cac82c472e5e4684f26d,1487874173
android-7.1.2_r2,6422e8fb4429936477f2cac82c472e5e4684f26d,1487874173
android-7.1.2_r3,6422e8fb4429936477f2cac82c472e5e4684f26d,1487874173
android-7.1.2_r4,6422e8fb4429936477f2cac82c472e5e4684f26d,1487874173
android-7.1.2_r5,6422e8fb4429936477f2cac82c472e5e4684f26d,1487874173
android-7.1.2_r6,6422e8fb4429936477f2cac82c472e5e4684f26d,1487874173
android-7.1.1_r38,b4062880f6dad0facf41a87a24cb0e0f17558e20,1488497044
android-o-preview-1,d0f092af8494a0921317219b9b001ec8aa6d741c,1488905459
android-n-mr2-preview-2,8d2d6bfa12ade2f5ccc74e52fbf7cad4c9c857f5,1489678413
android-7.1.1_r40,5e6dc55c12fac2ec037c85706f7c17059a28099e,1490291845
android-7.1.1_r42,5e6dc55c12fac2ec037c85706f7c17059a28099e,1490291845
android-7.1.1_r39,894d63476f7ea70a5c807add125765d7c82cb0e5,1490310626
android-7.1.1_r41,894d63476f7ea70a5c807add125765d7c82cb0e5,1490310626
android-7.1.1_r43,894d63476f7ea70a5c807add125765d7c82cb0e5,1490310626
gradle_3.0.0,86a48238ef8247390b93678878f2369bfcdfe05f,1490312204
studio-3.0,86a48238ef8247390b93678878f2369bfcdfe05f,1490312204
android-7.1.2_r8,ceda4a98bcb08f311ba5744ee95e8754b3b5f219,1490638213
android-7.1.2_r10,a930fdd38c6a8eb9584fed9322359d40387fbcdd,1490915877
android-7.1.2_r12,a930fdd38c6a8eb9584fed9322359d40387fbcdd,1490915877
android-7.1.2_r13,a930fdd38c6a8eb9584fed9322359d40387fbcdd,1490915877
android-7.1.2_r9,a930fdd38c6a8eb9584fed9322359d40387fbcdd,1490915877
android-7.1.2_r11,9fa33e71c2a0493911217858e07fdf6dd18538c5,1491517114
android-7.1.2_r14,3b92b72b2fa919db27dc1ab477c82ac7b2b6b962,1492623892
android-7.1.2_r16,61fab3347ca5a59ed705b22083f56c7c1d600e1f,1492807322
android-o-preview-2,19cd7568c668631f73c0c36d74327d5362db0684,1493921071
android-wear-o-preview-3,19cd7568c668631f73c0c36d74327d5362db0684,1493921071
android-wear-o-preview-4,19cd7568c668631f73c0c36d74327d5362db0684,1493921071
android-n-iot-preview-4,dde9ee9eddaf61afa18e5d30d78d7d5d4530697b,1495056680
android-7.1.2_r15,dee7c41e2d813ab3fae9e10230af897ba7749dad,1495068940
android-7.1.2_r17,dee7c41e2d813ab3fae9e10230af897ba7749dad,1495068940
android-7.1.2_r24,66cb6dc1eefee7243e2cb075e89061473fa45d3c,1495646853
android-7.1.2_r18,856e318f93052fb934391c291c07d769663d9a1b,1495663980
android-7.1.2_r19,856e318f93052fb934391c291c07d769663d9a1b,1495663980
android-7.1.2_r27,bf4ad52488b3f1e5c3ddac111c0f6420177eda8c,1495666435
android-7.1.1_r45,1ae66bc8f6dfc87f906902e910f72359cd2c2492,1495734774
android-7.1.1_r44,e0fc667639b727c439ed3b0c72efdf76879e8c20,1495736440
android-7.1.2_r23,343b8d8f914162c60e4ad7da9cda6a967c4ba9af,1496172027
android-7.1.1_r46,53cf7f2bd89bd3bcdc1d3444c7d34c799e617d32,1496255636
android-7.1.2_r25,19b86113d4c1b437fafea81cd1f014eb2e533227,1496257098
android-o-preview-3,142a392b75e7bf8e4e880b5cc49d111fd8d82533,1496335954
android-6.0.1_r80,b1d50c4b835bc2571e28946b5f857c177e08b6fb,1496946308
android-7.1.2_r29,60c36f8c58c50b4bd03f08d599f296fb734f81d9,1497553484
android-7.1.2_r28,1ad9820f297decc0b0e9671d8d616bb1634db3c4,1497554147
android-7.1.2_r33,eb72a7f4579b61031b4cb66afa43a82f823430f5,1497633737
android-7.1.2_r30,0f0911209682af154045adcf3cd6afdb225f2911,1497633871
android-7.1.2_r32,7c7214a98a198dead2d33d35350842f9c3655c6c,1497638094
android-7.1.1_r47,3e957ed2e47703061f8f8a4b2e9c1f4265dbb963,1497638782
android-7.1.1_r49,98b67dc463881d7bd8ae4ae2d4a125eca2a835c7,1497639014
android-7.1.1_r48,2d12ab62d5dd0fd9e6ba8df49f3d59d5629ef583,1497998710
android-cts-8.0_r1,77cb7cfd1ab3bdacf35d4a0c8d4708410b205a3d,1499397163
android-7.1.1_r50,d0f63e02ebe583feeb19fef0cef1895c5a8d97d6,1499812822
android-o-preview-4,a1d67fb38ec02150d674bc3b8d8354b53417552b,1500403529
android-7.1.1_r53,d186092cc1fef8726c245088634dd4af9bbc6607,1501111118
android-7.1.1_r51,4c713d6b42ae369ac5bcd28e982112616473c4c2,1501113353
android-vts-8.0_r1,a44e2180f3bdee6caf01f92dee89160e411784a7,1502240829
android-o-iot-preview-5,53e82a9cd03f34ecd8a9561fbc9d290d110abff6,1502818887
android-8.0.0_r1,899eecd41a6bf506766dfa64f9f17173add74cbc,1502990316
android-8.0.0_r7,a1531a83fb8f964c6b2ce910fa5a7f4a006c8886,1502990630
android-8.0.0_r9,149289c7971f29a74a1442ad7b3466a315e2c274,1502990749
android-8.0.0_r10,b044109732f88d7c56cbd37fe27547fe4f20fef9,1502990869
android-8.0.0_r2,96906bedc150e3f4a0babefa5907f9488f013748,1502991743
android-8.0.0_r3,6934c902e7afef75f51d285c0ae16508eeec1678,1502993660
android-8.0.0_r4,97e5130234bcdc1c4a705be4e548302934499bd4,1502995595
android-8.0.0_r11,fe136cc88e5283f2d7dd3fd7163f7614594b2648,1502998103
android-8.0.0_r12,fe136cc88e5283f2d7dd3fd7163f7614594b2648,1502998103
android-8.0.0_r13,2efbc7239f419c931784acf98960ed6abc38c3f2,1503444274
android-8.0.0_r15,b29c373fa5fcf43ef5f75a750f675c870411b5f6,1503514191
android-7.1.1_r55,977ec1c44e5a05cd074548eb0104d1c90bde64f5,1503515376
android-7.1.1_r52,9e5a5f7bfab200bcf4aadddaa21f37e70fc7ef65,1503616347
android-8.0.0_r17,23480d886e51c77f73088507cb0de79be4ad6dfc,1503945776
android-8.0.0_r16,643189d73fb1316a8c6d8b9f2b3c90dd88cd1fe8,1503945840
android-8.0.0_r21,c7a2e0a2110d30acdab7c2b80db4d0e695bc582f,1504242606
android-8.0.0_r22,f5fe7e684adf210b1265250e1f0799c2e97c473e,1504643523
android-8.0.0_r23,f5fe7e684adf210b1265250e1f0799c2e97c473e,1504643523
android-o-mr1-preview-1,0ec2348b8523aec675ddee09fe743b44a3b2ca5d,1504817943
android-o-mr1-preview-2,0ec2348b8523aec675ddee09fe743b44a3b2ca5d,1504817943
android-7.1.1_r54,99927a33bbebc14e330abcaa4f29972e4f1fcd51,1505334786
android-7.1.1_r58,87185db2fc6dcc1be5ac066fbd79fa9bcfaee87c,1505341774
android-6.0.1_r81,cac6285b48e88e118f69992d5c97d56163b6274c,1505427566
android-vts-8.0_r2,d215cf4cbf774f2b57d9ff107711ea942c807011,1505437401
android-7.0.0_r34,64f0ad7648bdd8fe43a222dc5539cfe069299270,1505493402
android-8.0.0_r24,5df88567b311e9dc1cbe736723f0e9b4711abee1,1505494725
android-7.1.1_r56,cacb4fc5dc02b27d561de895d7d093c4a3d87f9d,1505503179
android-7.1.1_r57,de33d9fa1856e28d3e528feacd4d2a7ae40849b4,1505503354
android-8.0.0_r28,53a9ccaa926945149b4546c67b50ce1ae88ba777,1506723612
android-8.0.0_r30,954d351673999db88df0f4c6990365d03afc0878,1506723810
android-8.0.0_r31,1a85090a85c22ecabdeede559258e48b7abefa74,1506723884
android-8.0.0_r25,af31c741176975c05cd019d747ee21783f0586e1,1506723919
android-8.0.0_r27,6b5e5773b793e4419d28609c4b08da0240109e2d,1506724093
android-cts-8.0_r2,15d46b998e8cdccba39b120deb97b8544feff1f5,1507320679
android-cts-8.0_r3,15d46b998e8cdccba39b120deb97b8544feff1f5,1507320679
android-8.0.0_r29,f7eaeb648d27b3109df19383755ddeeadb4b1639,1507919106
android-8.0.0_r26,1372bbb022fe60e8223502cb1da4dfd34b1c4dc7,1508523279
android-8.0.0_r32,f80e2e6ce3a621b2918ad26a896a2f8ea6083629,1508535343
android-8.0.0_r33,0557cd98ba827c610cb74ecd745e731c9bd8d1ac,1509074570
android-8.0.0_r34,485f313c6e57f5fdc8d4b04194043f03ee36def1,1509074587
android-8.1.0_r1,250714c67ba9d2029bc88284672949a87b243b9a,1509598211
android-cts-8.1_r1,250714c67ba9d2029bc88284672949a87b243b9a,1509598211
android-7.1.2_r36,c4e700b410798a8c0edab0b0bb86f754efc3a5f8,1509738911
android-7.0.0_r35,8c954c474ff6ee8beefce107cf9f6452f3b31c14,1509744325
android-8.1.0_r2,1a73f73ac9bdbb5549564f5aace79afea9f162ea,1509748870
android-8.0.0_r35,e47ffabe8ca5fd5016be34b9ccbcc1d2eb318efc,1510180910
android-8.0.0_r36,b4dd5a57336c84b3df9e1c0f5b5f8b7c1bbe739a,1510255017
android-cts-8.0_r10,92f63078e7dfe44aa4a160a647f7702a89e19825,1510276600
android-cts-8.0_r11,92f63078e7dfe44aa4a160a647f7702a89e19825,1510276600
android-cts-8.0_r12,92f63078e7dfe44aa4a160a647f7702a89e19825,1510276600
android-cts-8.0_r13,92f63078e7dfe44aa4a160a647f7702a89e19825,1510276600
android-cts-8.0_r14,92f63078e7dfe44aa4a160a647f7702a89e19825,1510276600
android-cts-8.0_r15,92f63078e7dfe44aa4a160a647f7702a89e19825,1510276600
android-cts-8.0_r16,92f63078e7dfe44aa4a160a647f7702a89e19825,1510276600
android-cts-8.0_r17,92f63078e7dfe44aa4a160a647f7702a89e19825,1510276600
android-cts-8.0_r18,92f63078e7dfe44aa4a160a647f7702a89e19825,1510276600
android-cts-8.0_r19,92f63078e7dfe44aa4a160a647f7702a89e19825,1510276600
android-cts-8.0_r20,92f63078e7dfe44aa4a160a647f7702a89e19825,1510276600
android-cts-8.0_r21,92f63078e7dfe44aa4a160a647f7702a89e19825,1510276600
android-cts-8.0_r22,92f63078e7dfe44aa4a160a647f7702a89e19825,1510276600
android-cts-8.0_r23,92f63078e7dfe44aa4a160a647f7702a89e19825,1510276600
android-cts-8.0_r24,92f63078e7dfe44aa4a160a647f7702a89e19825,1510276600
android-cts-8.0_r25,92f63078e7dfe44aa4a160a647f7702a89e19825,1510276600
android-cts-8.0_r26,92f63078e7dfe44aa4a160a647f7702a89e19825,1510276600
android-cts-8.0_r4,92f63078e7dfe44aa4a160a647f7702a89e19825,1510276600
android-cts-8.0_r5,92f63078e7dfe44aa4a160a647f7702a89e19825,1510276600
android-cts-8.0_r6,92f63078e7dfe44aa4a160a647f7702a89e19825,1510276600
android-cts-8.0_r7,92f63078e7dfe44aa4a160a647f7702a89e19825,1510276600
android-cts-8.0_r8,92f63078e7dfe44aa4a160a647f7702a89e19825,1510276600
android-cts-8.0_r9,92f63078e7dfe44aa4a160a647f7702a89e19825,1510276600
android-vts-8.0_r10,0acdc441497599f702ba4a116212dbf3a77483f9,1510878840
android-vts-8.0_r11,0acdc441497599f702ba4a116212dbf3a77483f9,1510878840
android-vts-8.0_r12,0acdc441497599f702ba4a116212dbf3a77483f9,1510878840
android-vts-8.0_r13,0acdc441497599f702ba4a116212dbf3a77483f9,1510878840
android-vts-8.0_r6,0acdc441497599f702ba4a116212dbf3a77483f9,1510878840
android-vts-8.0_r7,0acdc441497599f702ba4a116212dbf3a77483f9,1510878840
android-vts-8.0_r8,0acdc441497599f702ba4a116212dbf3a77483f9,1510878840
android-vts-8.0_r9,0acdc441497599f702ba4a116212dbf3a77483f9,1510878840
android-8.1.0_r3,df0b5eed48a59c6f4f86b082352a957e0e6610ba,1511840127
android-8.1.0_r4,df0b5eed48a59c6f4f86b082352a957e0e6610ba,1511840127
android-8.1.0_r5,df0b5eed48a59c6f4f86b082352a957e0e6610ba,1511840127
android-8.1.0_r6,df0b5eed48a59c6f4f86b082352a957e0e6610ba,1511840127
android-8.1.0_r7,5fdb80059e6cb1ffb3590ac3415c9072c1a8b17c,1511979163
android-8.1.0_r9,5fdb80059e6cb1ffb3590ac3415c9072c1a8b17c,1511979163
android-o-mr1-iot-preview-6,171fce83775f98175c7113f2ec8cec2e247e174d,1512006947
android-8.1.0_r10,23fbf77b8d604a062abbfc53841935e3437876b7,1513286537
android-8.1.0_r11,23fbf77b8d604a062abbfc53841935e3437876b7,1513286537
android-8.1.0_r12,23fbf77b8d604a062abbfc53841935e3437876b7,1513286537
android-vts-8.1_r3,23fbf77b8d604a062abbfc53841935e3437876b7,1513286537
android-8.1.0_r13,6b3cecc6cad151baf07f4e30ef33a6a584ceaa0a,1513298894
android-8.1.0_r8,e598c24dd5381941ee7c2279625cec4f9d6a05df,1515019073
android-8.1.0_r14,05c1a6405f8c9c252c05abfe9b739939bb3db7a7,1515094327
android-cts-8.1_r2,1bd4ea9ce372b447f814f8548baf59446327b711,1515451671
android-8.1.0_r15,68505b3110160bb83b68ef0f61663446593d9c06,1516847172
android-8.1.0_r16,68505b3110160bb83b68ef0f61663446593d9c06,1516847172
android-8.1.0_r17,0ee8bba6ef689f1901730919ca5321fad84c50d6,1516847192
android-8.1.0_r18,31cc77696ea945801a274918cf6c4db87f27d7f9,1516847267
android-wear-8.0.0_r1,fbef950d952d4f33725eb6cc318e531b841e9f28,1516909993
android-8.1.0_r19,833770d26f7813768e195d22ca9c8e41dc83448a,1518211724
android-wear-8.1.0_r1,833770d26f7813768e195d22ca9c8e41dc83448a,1518211724
android-8.1.0_r21,6c6565b8c1e2c61047140e35a7b43dbb2940fe2a,1518819183
android-8.1.0_r22,b45f7f3fc558b603a5956f2d0da2e92d12383966,1518821549
android-cts-8.1_r3,ba57692be37218fac9aca304bd8e71bc7a2fa9ea,1519339995
android-8.1.0_r23,5f16f394acd507f15af73ee51fb060749cc93707,1519689200
android-p-preview-1,c2925aff38e4ab105d64aaf022d309f0fb2a858d,1520362496
android-o-mr1-iot-preview-7,27c64aaf3cdfcdde9275097e0f218113f5e78136,1520531788
android-cts-8.1_r4,8246a9298279fe7b1c045508110e8636b7f7542d,1520955057
android-8.1.0_r20,65ff5247cb85e2bd1fb7f65228542fe8266f6d9e,1521133269
android-vts-8.1_r10,4f763c3e0e904a6ba511ba88f431a5bc1a2cd20b,1523401982
android-vts-8.1_r11,4f763c3e0e904a6ba511ba88f431a5bc1a2cd20b,1523401982
android-vts-8.1_r12,4f763c3e0e904a6ba511ba88f431a5bc1a2cd20b,1523401982
android-vts-8.1_r13,4f763c3e0e904a6ba511ba88f431a5bc1a2cd20b,1523401982
android-vts-8.1_r14,4f763c3e0e904a6ba511ba88f431a5bc1a2cd20b,1523401982
android-vts-8.1_r4,4f763c3e0e904a6ba511ba88f431a5bc1a2cd20b,1523401982
android-vts-8.1_r5,4f763c3e0e904a6ba511ba88f431a5bc1a2cd20b,1523401982
android-vts-8.1_r6,4f763c3e0e904a6ba511ba88f431a5bc1a2cd20b,1523401982
android-vts-8.1_r7,4f763c3e0e904a6ba511ba88f431a5bc1a2cd20b,1523401982
android-vts-8.1_r8,4f763c3e0e904a6ba511ba88f431a5bc1a2cd20b,1523401982
android-vts-8.1_r9,4f763c3e0e904a6ba511ba88f431a5bc1a2cd20b,1523401982
android-8.1.0_r27,a45110e3e597fd01c8eea5eeb9afb60bae35f51c,1523657446
android-8.1.0_r28,0122aade357990d60576d200603bdc62e505b800,1523658098
android-8.1.0_r25,1477a4f6677eeaa1993d58f296029f2df4ec7273,1523659653
android-8.1.0_r26,af80ff97aa57736f313317e9b4f09df673ed5975,1523660357
android-o-mr1-iot-preview-8,5a533ae4606256580d8d062dd92d742f694ea603,1523856269
android-8.1.0_r29,bb14df00f2c46e462cb09ca8eb3f7ddcf02aa07f,1523988260
android-cts-8.1_r10,c0bd3aaec502c62d9a453c7f0513c76438ee6ee5,1523990008
android-cts-8.1_r11,c0bd3aaec502c62d9a453c7f0513c76438ee6ee5,1523990008
android-cts-8.1_r12,c0bd3aaec502c62d9a453c7f0513c76438ee6ee5,1523990008
android-cts-8.1_r13,c0bd3aaec502c62d9a453c7f0513c76438ee6ee5,1523990008
android-cts-8.1_r14,c0bd3aaec502c62d9a453c7f0513c76438ee6ee5,1523990008
android-cts-8.1_r15,c0bd3aaec502c62d9a453c7f0513c76438ee6ee5,1523990008
android-cts-8.1_r16,c0bd3aaec502c62d9a453c7f0513c76438ee6ee5,1523990008
android-cts-8.1_r17,c0bd3aaec502c62d9a453c7f0513c76438ee6ee5,1523990008
android-cts-8.1_r18,c0bd3aaec502c62d9a453c7f0513c76438ee6ee5,1523990008
android-cts-8.1_r19,c0bd3aaec502c62d9a453c7f0513c76438ee6ee5,1523990008
android-cts-8.1_r20,c0bd3aaec502c62d9a453c7f0513c76438ee6ee5,1523990008
android-cts-8.1_r21,c0bd3aaec502c62d9a453c7f0513c76438ee6ee5,1523990008
android-cts-8.1_r22,c0bd3aaec502c62d9a453c7f0513c76438ee6ee5,1523990008
android-cts-8.1_r5,c0bd3aaec502c62d9a453c7f0513c76438ee6ee5,1523990008
android-cts-8.1_r6,c0bd3aaec502c62d9a453c7f0513c76438ee6ee5,1523990008
android-cts-8.1_r7,c0bd3aaec502c62d9a453c7f0513c76438ee6ee5,1523990008
android-cts-8.1_r8,c0bd3aaec502c62d9a453c7f0513c76438ee6ee5,1523990008
android-cts-8.1_r9,c0bd3aaec502c62d9a453c7f0513c76438ee6ee5,1523990008
android-n-iot-release-lg-thinq-wk7,1100e841758314a06fcc81ab58a3c245bb26e674,1524804832
android-o-mr1-iot-release-1.0.0,e7b05b87979dcaebcb22bda18e44f7bd37cddfc2,1525380421
android-wear-p-preview-2,72cf718d203587e4b8725fddee94bd7c82c24cb4,1525452721
android-p-preview-2,846fbd08068690cdcc707a5b53768543a2224c94,1525723554
android-p-preview-3,846fbd08068690cdcc707a5b53768543a2224c94,1525723554
android-8.1.0_r33,62b35aba4cd284f90ed14d54f7095cb553eba32e,1525806042
android-8.1.0_r31,5da071c6f9fb5f5ff59a637b22629cc9af4359f5,1525806086
android-8.1.0_r32,5c4992cadcd9f596d9c71e70b80f1efd4d292029,1525822516
android-8.1.0_r30,9e8f9c8ad7081730ce4923dd97ba6c483d8f20aa,1525822578
android-8.1.0_r41,adeda596272c167ef6cca29853dee692becd2f78,1527273782
android-8.1.0_r37,19c70968f137e8a772194f45117083d2ff7da456,1527274977
android-o-mr1-iot-release-1.0.1,86e94acfa4aa643f8715e0d454ba2b63a73805ad,1528105525
android-8.1.0_r35,20e97827de0f96c52168b6938494091cb851aa5d,1528149401
android-8.1.0_r38,cec6edbc18f98d5a1efc7b3cc4d2825cb79d96a6,1528155252
android-8.1.0_r39,3b637efb9c9e59ce9f9493bf52a081a80b5239eb,1528156540
android-n-iot-release-polk-at1,b62aa315d1d9d27c716964930205ed0681e8997b,1528319944
android-8.1.0_r36,192433cb7d306721e82c2d6df7177d4a5c0b8113,1528755923
android-8.1.0_r40,ef52a22ef819adef1680692b5ab252e3678f4d85,1528756298
android-n-iot-release-smart-display,a0b9309ba2724e29c7e204dc84e5c50fe3431d98,1529626903
android-p-preview-4,3838ff457e9882248960fb03a9e88025e4ed4fb3,1529965345
android-o-mr1-iot-release-1.0.2,62d5e041a2c219b1ce6aaa8ccbc83e0fa7989ab7,1531239887
android-p-preview-5,ac47c63b36443326d29985256bb6ba4b23acf483,1531507972
android-9.0.0_r1,6549309f6c473b792ec62d1aebadec62bcf07827,1531870154
android-9.0.0_r2,6549309f6c473b792ec62d1aebadec62bcf07827,1531870154
android-9.0.0_r3,6549309f6c473b792ec62d1aebadec62bcf07827,1531870154
android-cts-9.0_r1,6549309f6c473b792ec62d1aebadec62bcf07827,1531870154
android-cts-9.0_r2,6549309f6c473b792ec62d1aebadec62bcf07827,1531870154
android-vts-9.0_r4,6549309f6c473b792ec62d1aebadec62bcf07827,1531870154
android-8.1.0_r42,49288fcec2e8483259591e4afa3d0145b1ff569a,1532046137
android-8.1.0_r43,9522ef334b73897435f24a4ce5a1f840396bb7ce,1532046708
android-9.0.0_r6,cbaaaff2a1fed59a7bbb6d41a3b62d305a09feba,1532717303
android-9.0.0_r7,cbaaaff2a1fed59a7bbb6d41a3b62d305a09feba,1532717303
android-9.0.0_r8,cbaaaff2a1fed59a7bbb6d41a3b62d305a09feba,1532717303
android-n-iot-release-smart-display-r2,c14a4be7998b18ce7caea2b63ef30ca09868d1f7,1532980160
android-9.0.0_r5,641b3da47a5164698088dc9046ea56c026df891a,1533159424
android-8.1.0_r45,4df41c7409015c78c9d2f945507a5fc5ef5b6f62,1533324035
android-o-mr1-iot-release-1.0.3,8f99093583be9e7f6eecd7b943cf415f0bea37ac,1533677795
android-8.1.0_r46,3c2c834a93d7e0a9d1d21a2c2079d2385d5694db,1533933194
android-9.0.0_r11,97a3d6b758b8eb3564115240e8a59e77a36feb31,1534987654
android-9.0.0_r12,97a3d6b758b8eb3564115240e8a59e77a36feb31,1534987654
android-9.0.0_r9,00d9027e38e8337b2358a06aa7e14840d6a1dfe9,1535603052
android-9.0.0_r10,854b000af20882311b55ba71988e4a8856f60023,1535603076
android-8.1.0_r47,0b434bf5eebd5b76a71e04b54c3c810a10373b6c,1535603131
android-8.1.0_r48,2d06c43627329df3512d7ed2bcf684d16f6465de,1535603194
android-o-mr1-iot-release-1.0.4,e5440456ca3af4028586db679a89edfc2ae4fd4a,1536164012
android-cts-9.0_r3,be6595064db189025f519560277dc0b6aa2cee2a,1536873671
android-8.1.0_r50,f9cc11e67404de650a8a03f884b55493f43ff307,1538176431
android-8.1.0_r51,6e88629e66cc76fa70c308faa1f3344b2e57cceb,1538176446
android-vts-9.0_r10,edfd93fca88247e56100d39ba38432b54ca9e711,1538435492
android-vts-9.0_r11,edfd93fca88247e56100d39ba38432b54ca9e711,1538435492
android-vts-9.0_r12,edfd93fca88247e56100d39ba38432b54ca9e711,1538435492
android-vts-9.0_r13,edfd93fca88247e56100d39ba38432b54ca9e711,1538435492
android-vts-9.0_r14,edfd93fca88247e56100d39ba38432b54ca9e711,1538435492
android-vts-9.0_r15,edfd93fca88247e56100d39ba38432b54ca9e711,1538435492
android-vts-9.0_r16,edfd93fca88247e56100d39ba38432b54ca9e711,1538435492
android-vts-9.0_r5,edfd93fca88247e56100d39ba38432b54ca9e711,1538435492
android-vts-9.0_r6,edfd93fca88247e56100d39ba38432b54ca9e711,1538435492
android-vts-9.0_r7,edfd93fca88247e56100d39ba38432b54ca9e711,1538435492
android-vts-9.0_r8,edfd93fca88247e56100d39ba38432b54ca9e711,1538435492
android-vts-9.0_r9,edfd93fca88247e56100d39ba38432b54ca9e711,1538435492
android-o-mr1-iot-release-1.0.5,fce8595437da79c1f54739a98cae7bca1666cc39,1538589868
android-wear-9.0.0_r1,cd9440cc637df8e7f5ec4ae4b6c2b07a55f08202,1539192807
android-wear-9.0.0_r10,cd9440cc637df8e7f5ec4ae4b6c2b07a55f08202,1539192807
android-wear-9.0.0_r11,cd9440cc637df8e7f5ec4ae4b6c2b07a55f08202,1539192807
android-wear-9.0.0_r12,cd9440cc637df8e7f5ec4ae4b6c2b07a55f08202,1539192807
android-wear-9.0.0_r13,cd9440cc637df8e7f5ec4ae4b6c2b07a55f08202,1539192807
android-wear-9.0.0_r14,cd9440cc637df8e7f5ec4ae4b6c2b07a55f08202,1539192807
android-wear-9.0.0_r15,cd9440cc637df8e7f5ec4ae4b6c2b07a55f08202,1539192807
android-wear-9.0.0_r16,cd9440cc637df8e7f5ec4ae4b6c2b07a55f08202,1539192807
android-wear-9.0.0_r17,cd9440cc637df8e7f5ec4ae4b6c2b07a55f08202,1539192807
android-wear-9.0.0_r18,cd9440cc637df8e7f5ec4ae4b6c2b07a55f08202,1539192807
android-wear-9.0.0_r19,cd9440cc637df8e7f5ec4ae4b6c2b07a55f08202,1539192807
android-wear-9.0.0_r2,cd9440cc637df8e7f5ec4ae4b6c2b07a55f08202,1539192807
android-wear-9.0.0_r20,cd9440cc637df8e7f5ec4ae4b6c2b07a55f08202,1539192807
android-wear-9.0.0_r21,cd9440cc637df8e7f5ec4ae4b6c2b07a55f08202,1539192807
android-wear-9.0.0_r22,cd9440cc637df8e7f5ec4ae4b6c2b07a55f08202,1539192807
android-wear-9.0.0_r23,cd9440cc637df8e7f5ec4ae4b6c2b07a55f08202,1539192807
android-wear-9.0.0_r24,cd9440cc637df8e7f5ec4ae4b6c2b07a55f08202,1539192807
android-wear-9.0.0_r25,cd9440cc637df8e7f5ec4ae4b6c2b07a55f08202,1539192807
android-wear-9.0.0_r26,cd9440cc637df8e7f5ec4ae4b6c2b07a55f08202,1539192807
android-wear-9.0.0_r27,cd9440cc637df8e7f5ec4ae4b6c2b07a55f08202,1539192807
android-wear-9.0.0_r28,cd9440cc637df8e7f5ec4ae4b6c2b07a55f08202,1539192807
android-wear-9.0.0_r29,cd9440cc637df8e7f5ec4ae4b6c2b07a55f08202,1539192807
android-wear-9.0.0_r3,cd9440cc637df8e7f5ec4ae4b6c2b07a55f08202,1539192807
android-wear-9.0.0_r30,cd9440cc637df8e7f5ec4ae4b6c2b07a55f08202,1539192807
android-wear-9.0.0_r4,cd9440cc637df8e7f5ec4ae4b6c2b07a55f08202,1539192807
android-wear-9.0.0_r5,cd9440cc637df8e7f5ec4ae4b6c2b07a55f08202,1539192807
android-wear-9.0.0_r6,cd9440cc637df8e7f5ec4ae4b6c2b07a55f08202,1539192807
android-wear-9.0.0_r7,cd9440cc637df8e7f5ec4ae4b6c2b07a55f08202,1539192807
android-wear-9.0.0_r8,cd9440cc637df8e7f5ec4ae4b6c2b07a55f08202,1539192807
android-wear-9.0.0_r9,cd9440cc637df8e7f5ec4ae4b6c2b07a55f08202,1539192807
android-cts-9.0_r10,72917c612af50d8fdbe45c2f0625d2f3fcc85d5f,1539367231
android-cts-9.0_r11,72917c612af50d8fdbe45c2f0625d2f3fcc85d5f,1539367231
android-cts-9.0_r12,72917c612af50d8fdbe45c2f0625d2f3fcc85d5f,1539367231
android-cts-9.0_r13,72917c612af50d8fdbe45c2f0625d2f3fcc85d5f,1539367231
android-cts-9.0_r14,72917c612af50d8fdbe45c2f0625d2f3fcc85d5f,1539367231
android-cts-9.0_r15,72917c612af50d8fdbe45c2f0625d2f3fcc85d5f,1539367231
android-cts-9.0_r4,72917c612af50d8fdbe45c2f0625d2f3fcc85d5f,1539367231
android-cts-9.0_r5,72917c612af50d8fdbe45c2f0625d2f3fcc85d5f,1539367231
android-cts-9.0_r6,72917c612af50d8fdbe45c2f0625d2f3fcc85d5f,1539367231
android-cts-9.0_r7,72917c612af50d8fdbe45c2f0625d2f3fcc85d5f,1539367231
android-cts-9.0_r8,72917c612af50d8fdbe45c2f0625d2f3fcc85d5f,1539367231
android-cts-9.0_r9,72917c612af50d8fdbe45c2f0625d2f3fcc85d5f,1539367231
android-o-mr1-iot-release-smart-display-r3,6bd29ab2df5c1be63305f1ffa7b6c7619bd779a2,1539367337
android-8.1.0_r52,559c5a4ef198a52f1ab36ea885e4aa9ad61fd0d5,1539966284
android-8.1.0_r53,feb4e56eb4f832a0de0c42c9319afd8c45e18f6c,1539966811
android-8.1.0_r60,feb4e56eb4f832a0de0c42c9319afd8c45e18f6c,1539966811
android-9.0.0_r16,19463c58be6a14171b8c56ef69a3b1b6b3ec2799,1539988007
android-9.0.0_r19,4ddd147c4d6ffe276531c653d8da0684ade90828,1540312316
android-9.0.0_r20,4ddd147c4d6ffe276531c653d8da0684ade90828,1540312316
android-9.0.0_r21,4056014c47765249a9bd9f328b2ee905edba8596,1540834602
android-9.0.0_r22,4056014c47765249a9bd9f328b2ee905edba8596,1540834602
android-9.0.0_r17,762650514da7656968b4490703e4b79361436473,1541186107
android-9.0.0_r18,7ceb3ef0948d73e20f23bf6a9d9fc7e3acbd5037,1541194704
android-o-mr1-iot-release-smart-clock-fcs,9f248989bf977cc0fb0e07fd5bd0b452fc59c8f0,1542244750
android-o-mr1-iot-release-smart-clock-fsi,9f248989bf977cc0fb0e07fd5bd0b452fc59c8f0,1542244750
android-o-mr1-iot-release-smart-clock-r2,9f248989bf977cc0fb0e07fd5bd0b452fc59c8f0,1542244750
android-o-mr1-iot-release-smart-clock-r6,9f248989bf977cc0fb0e07fd5bd0b452fc59c8f0,1542244750
android-o-mr1-iot-release-smart-display-r14,9f248989bf977cc0fb0e07fd5bd0b452fc59c8f0,1542244750
android-o-mr1-iot-release-smart-display-r22,9f248989bf977cc0fb0e07fd5bd0b452fc59c8f0,1542244750
android-o-mr1-iot-release-smart-display-r30,9f248989bf977cc0fb0e07fd5bd0b452fc59c8f0,1542244750
android-o-mr1-iot-release-smart-display-r4,9f248989bf977cc0fb0e07fd5bd0b452fc59c8f0,1542244750
android-o-mr1-iot-release-smart-display-r5,9f248989bf977cc0fb0e07fd5bd0b452fc59c8f0,1542244750
android-o-mr1-iot-release-smart-display-r8,9f248989bf977cc0fb0e07fd5bd0b452fc59c8f0,1542244750
android-o-mr1-iot-release-smart-display-r9,9f248989bf977cc0fb0e07fd5bd0b452fc59c8f0,1542244750
android-9.0.0_r30,38009bd6e66f02b35b296fcf77f79872a7d0c76c,1542306061
android-n-iot-release-ihome-igv1,20e6f31923de53a685a44a3857b540fb61ff0e34,1543506787
android-9.0.0_r31,eb71e821edd929d48a824a9a4bbdfb710b50d324,1543986999
android-9.0.0_r32,eb71e821edd929d48a824a9a4bbdfb710b50d324,1543986999
android-9.0.0_r33,eb71e821edd929d48a824a9a4bbdfb710b50d324,1543986999
android-wear-8.0.0_r2,c3d4693f7993af6f7f9c5068ff63e3970fa0c860,1544037399
android-8.1.0_r61,3c7499911f6f004b9060592849409408eacd46c1,1544218997
android-o-mr1-iot-release-1.0.7,cb61d10c905f6ca40ae21fd8f0fb7efb4ae90444,1544728207
android-o-mr1-iot-release-1.0.8,1afa2c413e43b0870b4245a3f6d49e38f0b1faf0,1546884615
android-8.1.0_r62,ff4b9b3b8f9bff0e7a973c6067c147db655efad0,1547665016
android-8.1.0_r63,ff4b9b3b8f9bff0e7a973c6067c147db655efad0,1547665016
android-9.0.0_r34,988624eda2c566551f75b48231cdeff2b0142d93,1547665081
android-9.0.0_r38,37f412b501fce24a071dec4e7027506b9f3643c5,1549905226
android-9.0.0_r39,37f412b501fce24a071dec4e7027506b9f3643c5,1549905226
android-9.0.0_r35,1b1681a8b0a3f95062c8f6f7fe31890629264e37,1550161571
android-q-preview-1,b9478c48cf1c467934af7c431fb2f4d0b6e2d839,1552500106
android-9.0.0_r36,2a21bea448c56d892cf7c726771889ff2299f4d5,1552500281
android-9.0.0_r37,2a21bea448c56d892cf7c726771889ff2299f4d5,1552500281
android-8.1.0_r64,64f189a7a08d7182e68a73db1442b61081d5a2ee,1552508094
android-o-mr1-iot-release-1.0.10,274ce2d831e7238de82d26ef213f69f7540cbbc3,1552513528
android-7.0.0_r36,0f492b9e4100bedd355d27f66f537054ff501307,1552691768
android-q-preview-2.5,a49f1b725f60949ca4321efe5a09631772450561,1554917341
android-q-preview-4,a49f1b725f60949ca4321efe5a09631772450561,1554917341
android-q-preview-5,a49f1b725f60949ca4321efe5a09631772450561,1554917341
android-q-preview-6,a49f1b725f60949ca4321efe5a09631772450561,1554917341
android-8.1.0_r65,d3f6644bebfc7b393417f547501b5a501bfa5c39,1555454265
android-9.0.0_r40,e31b34fa0cd1e70d1105e2f472d400f6619b2913,1555454513
android-9.0.0_r41,e31b34fa0cd1e70d1105e2f472d400f6619b2913,1555454513
android-9.0.0_r42,42dd8b626b9547fc145306d1aabe035e58341662,1556879259
android-o-mr1-iot-release-1.0.12,70ed8dba68c513ea5e2c60f1b784bc481a81ef82,1557252174
android-9.0.0_r43,b3f4ac23836263a1f7844b12455a81150c92bace,1557809972
android-9.0.0_r44,b3f4ac23836263a1f7844b12455a81150c92bace,1557809972
android-9.0.0_r45,b869620327dabaebe715a7d8fb3d12cdddd5a221,1557898580
platform-tools-29.0.1,03162d258880568acdd7e95fc9be1c4e0ee31904,1559082591
android-o-mr1-iot-release-1.0.13,bdc8e002113ed28783f7e1eeeb94046333ab8084,1559923495
android-7.1.1_r59,a2146f31b97425858eb2bc96473f820bb36f77ce,1560191679
android-7.1.2_r37,114df4642694524969ca24749fc4cd81f91679fb,1560191712
android-8.1.0_r66,d45487d08a8e0a99943ba4770f2525d77edf9379,1560200397
android-8.0.0_r37,b8b11c7913dd2587187176568a87d3c0642c1c38,1560203554
android-9.0.0_r46,098e0a644046b33ae9b649f20f3c23dd9108e57d,1560887437
android-9.0.0_r47,ae0c2eeba3f60c62f63ec83b63d9c0593a0430fe,1560994493
android-mainline-10.0.0_r1,08d934bf0ffff381c0357c9bf7b333d06ab2b9cc,1562706912
android-mainline-10.0.0_r3,08d934bf0ffff381c0357c9bf7b333d06ab2b9cc,1562706912
android-7.1.1_r60,ee577ce589e9d52b1e27166140817120bad123f1,1562872107
android-7.1.2_r38,31d41018707e379ae810295596d5ecd83cc23d72,1562872209
android-8.1.0_r68,205355ee59dc5d5ef225a024c3bc66272428c0d8,1562872599
android-o-mr1-iot-release-1.0.14,f0d921c41ac5f16b45fd24b7c2b089e3e01952f0,1562877691
platform-tools-29.0.2,2219b1eadab127d2df569a03c97cc3aed1c3b097,1563393249
android-8.1.0_r67,3c1937306af31353aaecf045fb801ec3c126000f,1563913284
android-8.0.0_r38,c507aeca6e20131ef2293ed1a62f295ddf1ce412,1564177989
android-9.0.0_r48,333bf1c2dddbf9435f688924a3efbbae5f8b5eaf,1564616961
android-cts-10.0_r1,fc638c76158a5a5a6050fe9a439785ca63880c80,1564618801
android-vts-10.0_r1,fc638c76158a5a5a6050fe9a439785ca63880c80,1564618801
android-7.1.1_r61,df4251b0a58b6a354da67d535a732b17b4e5d89b,1565212326
android-7.1.2_r39,8fe116528f1caf04f1a1edd07ec054cf463cc985,1565212356
android-8.1.0_r69,dcd427cceec17ace13a1808a94bbe1961272277a,1565212376
android-8.0.0_r39,8a1dd1b6bbe224dad24c70f73aa5d97e5eaebe17,1565212400
android-9.0.0_r49,06aed1054fbf7b3a434d93e153e6663e4fc3985c,1565213820
android-10.0.0_r1,57bb140be9e48cf08acba131f7463e461777bb8e,1565299572
android-10.0.0_r6,57bb140be9e48cf08acba131f7463e461777bb8e,1565299572
platform-tools-29.0.3,405bab99ec6afcc8e50cf3374efd1abe5af19f00,1565662258
platform-tools-29.0.4,405bab99ec6afcc8e50cf3374efd1abe5af19f00,1565662258
android-10.0.0_r2,c0fbdf45d7c9826533186751a03c27e500cac78e,1565742206
android-mainline-10.0.0_r2,d0be23460ae235a0c78c09aeb4322b3071a447f2,1565843871
android-10.0.0_r7,7253439818c39c46bc26dc6fae73b708efb62589,1566530298
android-10.0.0_r8,fb3ae1c12d48d90dce82b9463da07b49ce99fd6a,1567025742
android-10.0.0_r3,71139cf27942a068cf14a463d161bff8b3cc15db,1568240680
android-10.0.0_r4,5960d27c445abd8617349db1a2a9702c3b139c4b,1568667408
android-10.0.0_r5,5960d27c445abd8617349db1a2a9702c3b139c4b,1568667408
android-8.1.0_r70,35dba262656ab4b68070ae074ce620f80493a274,1568852021
android-8.0.0_r40,ca63515dd9b4eb6b3698fb694463c145d654e369,1568852054
android-9.0.0_r50,d9f91c430f6722fac31eba85fe7cdcd09ba51627,1568852096
android-10.0.0_r13,3cb7acada3c6fe21bf483ec77e1c8e91c3ae3009,1568948573
android-10.0.0_r10,37a24f52e6be75e7f7db461e3bee465152318c99,1568952406
android-10.0.0_r11,37a24f52e6be75e7f7db461e3bee465152318c99,1568952406
android-10.0.0_r12,be207990f30ff64a2d46d8acd0d2fd72c55dea7f,1568954739
android-cts-10.0_r2,64feba97908c9d314e8054afece5d6598e4dd6c1,1569355732
android-vts-10.0_r2,64feba97908c9d314e8054afece5d6598e4dd6c1,1569355732
android-10.0.0_r9,d2127ecb8121c3432bc9cd85de86daf0a6143ecd,1569547702
android-10.0.0_r14,0bb75e9b0388e46e2ea805901e74b5bbd73b75d0,1569803228
android-8.1.0_r71,4fdbba03bd35a0404b1870ef555db549f68ee40c,1570565284
android-8.0.0_r41,431189726cb8a80f8c20f68fe7e37b2e108e0f7f,1570568727
android-9.0.0_r51,904490530bf9c3ff1644a48e948e0d68b01a863c,1570568774
android-10.0.0_r18,ca91ceeb13e1cb6981bdeaedb1c21c3a7b1a58f1,1571196420
android-10.0.0_r19,ca91ceeb13e1cb6981bdeaedb1c21c3a7b1a58f1,1571196420
platform-tools-29.0.5,d634d2306033599c00b83e68c9ecb60e3206d40c,1571358142
android-mainline-10.0.0_r4,b1d3b5aa04f58c0a5a5d7db8666569013d294e0b,1571966686
android-10.0.0_r17,a268c123c47097277ca94c6834931680d70b1bcf,1572041141
android-10.0.0_r15,0d7e17eb676695de8b19ad2ec33fdfcefa165b97,1572385487
android-10.0.0_r16,0d7e17eb676695de8b19ad2ec33fdfcefa165b97,1572385487
android-9.0.0_r52,feedb38d84c47e99132790c56ff2f8b084e1ccaa,1573172440
android-10.0.0_r20,50790f20550a20b311328e23d135c91d1d69659a,1573255522
android-8.1.0_r72,15273ad9f1c5dc34e788350b559b1a3f0f46facf,1573257350
android-8.0.0_r42,79b4cf5de763ad4474bc686f18b11942cc810e32,1573257368
android-mainline-10.0.0_r5,a0f9a8c5b1001dec793767ddaf2e4173f1251cb2,1573506733
android-mainline-10.0.0_r7,a0f9a8c5b1001dec793767ddaf2e4173f1251cb2,1573506733
android-mainline-10.0.0_r8,7339bdc19342a078450b76b74274e6bc1e85d72d,1573507551
android-mainline-10.0.0_r6,896581cb70756caefcf06797b4b4a191ac616238,1573507744
android-10.0.0_r23,ca9cee72962e6cd73a73b909bfda7547e61d8d41,1573864101
android-10.0.0_r24,f00b6679d1533e80535e0c00377a8caae406faf4,1573864106
android-10.0.0_r25,f00b6679d1533e80535e0c00377a8caae406faf4,1573864106
android-10.0.0_r21,df54705a9fc62c788b6ee2cbd70380c7ea1d4dc6,1573864123
android-10.0.0_r22,df54705a9fc62c788b6ee2cbd70380c7ea1d4dc6,1573864123
android-8.1.0_r73,71509777b4c16f9e42fae92a287c4287a2fd9a06,1576529199
android-8.0.0_r43,7df0c3c19b82d6c3ea72c0ba7bd723e444c30f54,1576529220
android-9.0.0_r53,0929eb918071c1e76fd41b677af0973412f8a098,1576530608
android-mainline-10.0.0_r9,82422c99a118d32d91818f79a4897b2468f0aaf2,1576609670
android-10.0.0_r26,318448fd7553a5951b541fdfdfeb28e9fc6fa9a0,1576709766
android-10.0.0_r27,a70edf3aba7256707d7162ddfa113bf72c592177,1576709806
android-10.0.0_r28,995eaeb0d350042cee48e72c0407cddb82f2be71,1576709850
android-10.0.0_r29,7b24f122dd31f0e8ff541812e6463f0c8bb15f02,1576709850
android-8.1.0_r74,e8ae9fcf9156b4da50aa19337b93533a175bfa75,1578696802
android-8.0.0_r44,ae1cce61c7bb9086b9aa0d1874cb90edf9ffc027,1578696828
android-9.0.0_r54,3efce7589db831d2af567ecf57d80f9a2de40572,1578696853
android-10.0.0_r30,2327d933d5f670c5aaf8157e88c8715f324f2f2f,1578863088
android-10.0.0_r31,2327d933d5f670c5aaf8157e88c8715f324f2f2f,1578863088
android-10.0.0_r32,2327d933d5f670c5aaf8157e88c8715f324f2f2f,1578863088
android-mainline-10.0.0_r10,4f8948f1c1fee7834a65d0917de4cc39d8dcd4c2,1578945817
android-cts-10.0_r3,0b9c4a3fc7fbe8b847c88ba547521160c56d7586,1579122558
android-vts-10.0_r3,366df52daac91afeb401ed6febc836a72ea94e8b,1579814027
android-r-preview-1,05cf3e896c6d3e40c11ca3767bde535433636a6d,1580922350
android-8.1.0_r75,b7a2a333232ae9ba60797918f75d9f50a3a856f0,1581031056
android-8.0.0_r45,4404f3cfcd725dbbfdeffd7a489c853a178b49bf,1581031075
android-9.0.0_r55,b6ce8a330c01509add201420084d0554cfc6ac57,1581031103
platform-tools-29.0.6,76bab6206c79403bf3ad8dca25524488f87b3687,1581453861
android-10.0.0_r33,13758c1cf243851b2821c3a9596c84a9d967c9ec,1583193313
android-r-preview-2,5b5bd31eb39480c419446b012b32d02b2f88bc7c,1584548226
android-r-preview-3,5b5bd31eb39480c419446b012b32d02b2f88bc7c,1584548226
android-r-preview-4,5b5bd31eb39480c419446b012b32d02b2f88bc7c,1584548226
android-8.0.0_r46,4a9623adbc952af990d361bc92336f688c0f045c,1585600355
android-10.0.0_r35,62b1d634b63e3c4f346da9b092ea62ab885bd138,1585699485
android-10.0.0_r36,62b1d634b63e3c4f346da9b092ea62ab885bd138,1585699485
android-10.0.0_r34,2acc9bd2e5e450a9ca333cc7158a30627d0a55a0,1585716672
android-10.0.0_r37,81ee10241fc143ed576734268708c9943217ff8b,1586387473
android-10.0.0_r38,81ee10241fc143ed576734268708c9943217ff8b,1586387473
android-10.0.0_r39,81ee10241fc143ed576734268708c9943217ff8b,1586387473
android-10.0.0_r40,81ee10241fc143ed576734268708c9943217ff8b,1586387473
android-cts-10.0_r4,e99c113136147bab0d9d5ce9717793b9fbccaa5c,1586462862
android-cts-10.0_r5,e99c113136147bab0d9d5ce9717793b9fbccaa5c,1586462862
android-cts-10.0_r6,e99c113136147bab0d9d5ce9717793b9fbccaa5c,1586462862
android-cts-10.0_r7,e99c113136147bab0d9d5ce9717793b9fbccaa5c,1586462862
android-vts-10.0_r4,e99c113136147bab0d9d5ce9717793b9fbccaa5c,1586462862
android-vts-10.0_r5,e99c113136147bab0d9d5ce9717793b9fbccaa5c,1586462862
android-vts-10.0_r6,e99c113136147bab0d9d5ce9717793b9fbccaa5c,1586462862
android-vts-10.0_r7,e99c113136147bab0d9d5ce9717793b9fbccaa5c,1586462862
platform-tools-30.0.0,5955272513eea7311ec271d419cc31daf87ff2c2,1587159610
platform-tools-30.0.1,3a143a4380a44ed87137eae68c3fef1208cd6364,1588024669
android-10.0.0_r42,53f2af9cebcb4fa47b8cd0ddc182e64e49dd81b2,1588042142
android-10.0.0_r43,53f2af9cebcb4fa47b8cd0ddc182e64e49dd81b2,1588042142
android-8.1.0_r76,5f03b08b397b022d2f04bfabfafd85eeb48f5996,1588099524
android-9.0.0_r56,39c9bf27471f6454202236f88c247fef4c4b2b2e,1588102889
android-mainline-10.0.0_r11,c3c40e691dca0c2d82550ebb8dc50159938521a3,1588105481
android-8.0.0_r47,8f42dfcdc61f5d3e6fa9e0d068ee435c897d83a3,1588372501
android-8.1.0_r77,7d620336a9b36f866868d568dd1837b143248d9c,1588373011
android-9.0.0_r57,f8c8787e80e313ff2a93e137dc136419d12f6e72,1588373414
android-8.1.0_r78,634fbe134e06d17f2b48507147acb48d19d95c05,1588955081
android-8.0.0_r48,b675e97d11d19f6708c4953788a17a4ffb7d418e,1588955104
android-9.0.0_r58,8d50c49dffaa71b2fadbd2bbc2452e65678d5ed7,1588955152
platform-tools-30.0.2,3baefca8fe92f203c92deb7b8437bdc736072769,1590613575
platform-tools-30.0.3,3baefca8fe92f203c92deb7b8437bdc736072769,1590613575
android-8.1.0_r79,71be05dc5d419aacd0d42484f7b6d2f44907e818,1591295148
android-8.0.0_r49,ba882622fe03e16bfa4b9231213cff03f5c6217e,1591295196
android-9.0.0_r59,6c68f9b46601578acae0520cc476f06fb4acee16,1591295224
android-10.0.0_r41,2cdeacfe733cc625462b93ddb312ecf3934b89b9,1591749457
android-10.0.0_r44,b261188ac38897a3fed052236d270b0b96c36f21,1591860424
android-10.0.0_r45,b261188ac38897a3fed052236d270b0b96c36f21,1591860424
android-8.1.0_r80,2b71d2b7243810bee5505bd62c30c42a5cb6a1bb,1593558615
android-8.0.0_r50,ba0b441814c02b119b0badc6d1e5b205fa3c164b,1593558651
android-9.0.0_r60,c69f445dc10b63e52f019aaafcb816293987935d,1593558703
android-mainline-11.0.0_r1,717c18890335b65c01c48ae02e3bc7aca0afdc15,1594264601
android-r-beta-2,65530b7549b5cd23d7b53e9611a05f6b1d969a1f,1594743859
android-r-beta-3,65530b7549b5cd23d7b53e9611a05f6b1d969a1f,1594743859
platform-tools-30.0.4,5a0bf8e2c6a1ce4d33754e4a360d4bed96952fd3,1594935193
android-11.0.0_r1,34a1b9c951c38537ab96b69bc308f6e0884823f5,1596062865
android-11.0.0_r2,34a1b9c951c38537ab96b69bc308f6e0884823f5,1596062865
android-11.0.0_r3,34a1b9c951c38537ab96b69bc308f6e0884823f5,1596062865
android-cts-11.0_r1,34a1b9c951c38537ab96b69bc308f6e0884823f5,1596062865
android-vts-11.0_r1,34a1b9c951c38537ab96b69bc308f6e0884823f5,1596062865
android-8.1.0_r81,7e7ea0991020d15cdb69c5da933c282c92f884ef,1596759154
android-8.0.0_r51,8681f659527298643ed5d86d37bce9115d63ff33,1596759185
android-10.0.0_r46,dff3deab5d25f8bbfd49abfb423043c9be47b7db,1596759299
android-10.0.0_r47,dff3deab5d25f8bbfd49abfb423043c9be47b7db,1596759299
android-9.0.0_r61,ad31dbbdcd76091d7d2d1fc6c863ee17c3bfe87d,1596819419
android-11.0.0_r4,f5184a65fa134718444376ff8eb7944717990a3a,1597803648
android-11.0.0_r5,f5184a65fa134718444376ff8eb7944717990a3a,1597803648
android-11.0.0_r10,fd32de75d5f2ea1e4e9dc8ac0b379b55c73017bc,1598202025
android-11.0.0_r11,fd32de75d5f2ea1e4e9dc8ac0b379b55c73017bc,1598202025
android-11.0.0_r7,fd32de75d5f2ea1e4e9dc8ac0b379b55c73017bc,1598202025
android-11.0.0_r8,fd32de75d5f2ea1e4e9dc8ac0b379b55c73017bc,1598202025
android-11.0.0_r9,fd32de75d5f2ea1e4e9dc8ac0b379b55c73017bc,1598202025
android-security-11.0.0_r1,cf86e2505d414f07e08435439bc75ab415bd782f,1599029448
android-security-8.1.0_r82,bea217b75d20127de2cae329ff00fe43c9aa467f,1599771003
android-security-8.0.0_r52,37b9257170579a5d3837f4c7f96b5f7b265dfc21,1599771036
android-security-9.0.0_r62,5263e86850a0f8d91fa66eb491b6f9765a0291c7,1599771076
android-security-10.0.0_r48,9d69c14f68c1d8296e15a225ec5798a14e568d0c,1599771118
android-mainline-11.0.0_r2,5f0a7197761e03e3e5c56662796e6f521d9bc339,1600111888
android-platform-11.0.0_r1,e8ec820406512384c4b7dc53e252c59eebe56d50,1600729311
android-11.0.0_r17,8551ec363dcd7c2d7c82c45e89db4922156766ab,1601326725
android-11.0.0_r12,91bc108dc2fd292273f5b556c0b2038e6bc87b4c,1601523768
android-11.0.0_r13,91bc108dc2fd292273f5b556c0b2038e6bc87b4c,1601523768
android-11.0.0_r14,91bc108dc2fd292273f5b556c0b2038e6bc87b4c,1601523768
android-11.0.0_r15,91bc108dc2fd292273f5b556c0b2038e6bc87b4c,1601523768
platform-tools-30.0.5,36077e0186685a3dd1bab961529aabe9bad365de,1601587121
android-cts-11.0_r2,dbb1f9772d97be9d701c6b0280c0ead4b4b1a9e4,1602015110
android-security-8.1.0_r83,da1c7a3895b8947c750a77566ab5947dfe072566,1602202117
android-security-8.0.0_r53,4921cd08090590d517d549238e48e4518355c454,1602202138
android-security-9.0.0_r63,2f8631a62e9d58b56582a13d5df661ad5e44087a,1602202160
android-security-10.0.0_r49,5e33750ccede2f26cb805ea51e29de54ce86d4f3,1602202190
android-11.0.0_r16,de7b36ef86714912132897832441dcc64d6f316d,1602478029
android-11.0.0_r18,e0b64f17785dc50771e73a8a1ef9bdd38d2df4b9,1602717184
android-11.0.0_r19,e0b64f17785dc50771e73a8a1ef9bdd38d2df4b9,1602717184
android-11.0.0_r20,e0b64f17785dc50771e73a8a1ef9bdd38d2df4b9,1602717184
android-11.0.0_r21,e0b64f17785dc50771e73a8a1ef9bdd38d2df4b9,1602717184
android-11.0.0_r22,e0b64f17785dc50771e73a8a1ef9bdd38d2df4b9,1602717184
android-11.0.0_r23,e0b64f17785dc50771e73a8a1ef9bdd38d2df4b9,1602717184
android-platform-11.0.0_r2,b3b0c1e1244c5436ba8a89dde2afa46a1209af75,1603221277
android-vts-11.0_r2,5d653603a34232833e50e70cc7f415ca9ccc036d,1603310862
android-11.0.0_r25,ef18a927ffd3d9ae5952037287ce5a27d9418766,1603832303
android-platform-11.0.0_r3,ab6d33569ffdef2a6cc18f3ba2db9fea7b0f41b5,1604426984
android-11.0.0_r24,4b4b5b98689776007f492bd050ad5212c9c87045,1605206923
android-security-8.1.0_r84,9d57d470768298515e50034bd21a3bdb9b484545,1605210284
android-security-8.0.0_r54,340621a7fdcc6f8ef471c89fe639b1b9ec0b8fae,1605210315
android-security-9.0.0_r64,979612947517e17c0ca6dce09d5918b3b0fe8f19,1605210349
android-security-10.0.0_r50,bcc5dd17889a98c23ba30189c0648cf343c0f9d6,1605210395
android-11.0.0_r28,79af4e7159be313393c48ac97b86f76216b8475e,1605740693
android-11.0.0_r26,513c3b5c2987891832363e79cf6fad60c7d0bd61,1605740921
android-11.0.0_r27,513c3b5c2987891832363e79cf6fad60c7d0bd61,1605740921
android-mainline-11.0.0_r3,586f4024b162b7bf8fa0b926622dc880d8f01f32,1607390724
android-security-8.1.0_r85,2ab33060eb62fa5cf85fcb4c16619cd79d208512,1607557911
android-security-9.0.0_r65,1131410764c61b776c0825ceee4949e51765c272,1607557995
android-security-10.0.0_r51,6d9efc676745d759151dacd68391a79b8e5f3fbb,1607558045
android-mainline-11.0.0_r4,7b616d6ec2a4bfaca6d8d6f94bf76cb4729d14b5,1607983035
android-11.0.0_r31,ca05b4c5f776ec504a707efda2feecf6c816649f,1608077688
android-11.0.0_r29,f1563010352f32301e8af75c5479b81ef5b90aa7,1608077967
android-11.0.0_r30,e0948947457209da62ffbc122f8d60de6f7e446c,1608143486
android-cts-11.0_r3,6abbb55c5218d165a8de4a750154dc83e998b53c,1609967271
android-security-8.1.0_r86,9b2776619b51d02a807c149e5805175245e7ea32,1610097759
android-security-9.0.0_r66,180c0f2092e228e2f5486f178f3f3ed8145c9325,1610099779
android-security-10.0.0_r52,0083d093a0e9f5ab56ed3eeb6f90dbc23cdfc96d,1610100073
android-platform-11.0.0_r4,30bd54659d0623399e420ccc51a52dd8d455d6b7,1611345033
android-11.0.0_r32,b17db7a3dd48bbbfd4ad7e914aefeabbf82df7d6,1611360051
android-11.0.0_r33,b17db7a3dd48bbbfd4ad7e914aefeabbf82df7d6,1611360051
android-vts-11.0_r3,8c73db9d658a15f67727b2bb066b01dfe8ba9adb,1611637635
android-s-preview-1,355753053cf8c6c573a4640d6c1047180e7494f9,1613670751
