996c5b93d6e8d5f3e5d5248e08a32f401ebfcb28,8ec45de6fca5,ef525e8d721a,None,cm-13.0,marshmallow-mr2-release,1478721840,1478594577,1475018998,0,1,0
b3616bc68be22bdb5f72c190c6e09e87314e9786,afc4f0965798,2dde02ed2631,None,cm-13.0,marshmallow-mr3-release,1475779823,1475603316,1472253715,25,1,29
e0f87f165ecf0f44be98c5101ade78d746f3322c,caf9123b78d2,90ea10c4d3e4,None,cm-13.0,marshmallow-mr2-release,1473277224,1473217599,1470086725,17,1,15
cacdaa4aeedc6b0817eba92a83b8e5edfe27f637,1ab48a366611,4e4743a354e2,None,cm-13.0,marshmallow-mr2-release,1470163063,1470086918,1466812387,35,1,9
b6bddad1b6a0dc4f26651a1c44d8bfb57bd33fb2,2ab71c1e6f60,9b8c6d2df354,None,cm-13.0,marshmallow-mr2-release,1467926361,1467820886,1464373878,42,1,6
03ea3114f6f2ace98a1b892343161cc9f4bd45bc,423a82e0870f,9878bb99b77c,None,cm-13.0,marshmallow-mr2-release,1465319400,1465304149,1463086451,46,1,5
4d5f0cf9875bb7f6d681c912fc71994b81391c4b,adbe561620aa,12332e05f632,None,cm-13.0,marshmallow-mr2-release,1462301987,1462231054,1458953271,134,1,3
303cef4c34e57ac019fe825f24c2fb4fa611ac4e,9878124adb6f,3cd1905d8579,None,cm-13.0,marshmallow-mr2-release,1461177187,1461170952,1456534572,38,1,2
12a8ab90789bc3596e16313a15f03c102b5fda1f,c6aef76f38c1,81f9fe982dcf,None,cm-13.0,marshmallow-dr1.5-release,1459884683,1459876133,1458686868,47,1,47
0e1dbed9194839a90755670d8fdf9046a75b85f7,564f10b8f05d,e342181a4a8d,None,cm-13.0,marshmallow-dr1.5-release,1457744319,1457658807,1454472217,6125,1,5
8ecd5a5276f4f725c167b887e799c20a9a27e16e,f04180a1273c,6a431eed218a,None,cm-13.0,marshmallow-mr1-release,1457403145,1457394933,1453498634,20,1,6067
50b5623c5840e0797e43cf631d7f5654087bf7e4,d9cdda18d154,6a278db4c4a1,None,cm-13.0,marshmallow-mr1-release,1454374880,1454373410,1450386517,122,1,2
f51adf34bbd95dd991f070459f7ea9e88069299b,a7881ec16794,48b716a9b40f,None,cm-13.0,marshmallow-mr1-release,1452022306,1451957555,1450212899,132,1,2
10c07f778a611d8723619f67e5709cbd9e502a07,45c11b1020a6,4d70bd7a9289,None,cm-13.0,marshmallow-mr1-release,1449543052,1449542824,1447279092,363,1,5
a89168479cb14f482268af6f1a650b28eba0b393,8331d3e50849,25b5096f1547,None,cm-13.0,marshmallow-dr-release,1446736406,1446663539,1444291365,1977,1,259
