999b375eb29bf9ea7419cb07b9a06a60de16354a,d97dcb87355,1b1681a8b0a,None,tiles-backup,android11-qpr1-s1-release,1554372607,1553885632,1550161571,0,0
8e86e9bc9441cf96f70fa62193e60fbb1bcc7492,f68c265324d,988624eda2c,None,tiles-backup,android11-qpr1-s1-release,1552050398,1551867602,1547665081,75,3
6468138701c054ba95bf8cd6889ca517d38f148d,674edccca3a,e6472fe5206,None,tiles-backup,pie-gsi,1550255083,1550255051,1549928141,129,6
c5e130752fa7cddc7be5c24b77c29ca2d7b950f1,c1dca606373,eb71e821edd,None,tiles-backup,android11-qpr1-s1-release,1549479558,1549478671,1543986999,681,621
12930acc5076e1acff0744b8d225bb2d2173f1b5,38919152c0a,eb71e821edd,None,tiles-backup,android11-qpr1-s1-release,1549457725,1549309704,1543986999,618,1
573ba4bcd0e9a3d403d660dac91430b4efbe071d,f012cc1e369,38009bd6e66,None,tiles-backup,android11-qpr1-s1-release,1547218130,1547218112,1542306061,46,659
59e43cf8772b6b2ed4c18e0bb20d421b448a2728,92ea7fc713f,d8b004855a2,None,tiles-backup,pie-gsi,1547218087,1547218025,1546841223,17,3
6ee3e3a445edfa6d343382e78548d2957c5f9483,451feb75922,38009bd6e66,None,tiles-backup,android11-qpr1-s1-release,1546936739,1546890803,1542306061,587,592
2f8fdbd61d47debbb70b092f6cb34f6457069ec7,788f1c37d3c,7f82dee3f9b,None,tiles-backup,pie-gsi,1546680174,1546648125,1545582367,16,3
55eb009b75bddb88bcc848193d3c5de9024d4493,e6fbedbf6ba,4056014c477,None,tiles-backup,android11-qpr1-s1-release,1544259415,1544208346,1540834602,43,590
70ccfc70e9eb223cda9c20350061522a946601c8,d11ab04220d,4056014c477,None,tiles-backup,android11-qpr1-s1-release,1543933431,1543868401,1540834602,380,1
7b23fdc35654648b883809c4e4571015931df2ec,8a54ade41a0,264d2cfe485,None,tiles-backup,pie-gsi,1543609973,1542198004,1543606187,15,14
8f7726cc447f76dd163e9813f1aef8de3907141e,252b9d1cf17,19463c58be6,None,tiles-backup,android11-qpr1-s1-release,1542140529,1541827720,1539988007,837,577
593900c465c0744ede310387c557a717ecfeb6f5,b55f2104c90,854b000af20,None,tiles-backup,android11-qpr1-s1-release,1538902629,1538770681,1535603076,24,835
99c45b4b13d6848508677ccebee04dd4dab6ee74,f585a9b865e,eb94ac12e7f,None,tiles-backup,pie-gsi,1536756135,1536294778,1536578673,47,15
f1ff8f00f94afb9f6853b3b840b90d29a7d6b4ed,55ea9fe1c15,cbaaaff2a1f,None,tiles-backup,android11-qpr1-s1-release,1536130977,1536119849,1532717303,24,10
